,type,name,ingredients
0,Breakfast and Brunch,Brunch Egg Bake,"['2 cups shredded Cheddar cheese', '2 cups shredded mozzarella cheese', '2 tablespoons butter', '1 (4.5 ounce) jar sliced mushrooms, drained', '1/3 cup sliced green onions', '1/2 cup chopped red bell pepper', '2 cups diced fully cooked ham', '8 eggs', '1 3/4 cups milk', '1/2 cup all-purpose flour', '2 tablespoons minced fresh parsley', '1/2 teaspoon dried basil', '1/2 teaspoon salt', '1/4 teaspoon ground black pepper']"
1,Breakfast and Brunch,Quick Pumpkin Oatmeal,"['3 1/2 cups milk, or more to taste', '2 cups old-fashioned oats', '1 cup canned pumpkin puree', '1 teaspoon ground cinnamon', '1/2 teaspoon salt', '1/2 teaspoon ground ginger', '1/4 teaspoon ground allspice', '1/4 teaspoon ground nutmeg', '2 tablespoons brown sugar, or to taste (optional)', '2 tablespoons pecan pieces, or to taste (optional)']"
2,Breakfast and Brunch,Best Buckwheat Pancakes,"['1 cup buttermilk', '1 egg', '3 tablespoons butter, melted', '6 tablespoons all-purpose flour', '6 tablespoons buckwheat flour', '1 teaspoon white sugar', '1/2 teaspoon salt', '1 teaspoon baking soda', '3 tablespoons butter']"
3,Breakfast and Brunch,Make-Ahead Breakfast Bars,"['cooking spray', '3 cups frozen Southern-style hash browns', '4 eggs, lightly beaten', '1 cup cubed fully cooked ham', '1 cup shredded Cheddar-Monterey Jack cheese blend', '1/2 teaspoon onion powder', '1/4 teaspoon salt', '1/8 teaspoon ground black pepper']"
4,Breakfast and Brunch,Chef John's Sweet Potato Muffins,"['non-stick cooking spray', '2 cups all-purpose flour', '2 teaspoons baking powder', '2 teaspoons cinnamon', '1 teaspoon kosher salt', '1 teaspoon baking soda', '1/2 teaspoon ground ginger', '1 pinch freshly grated nutmeg', '4 large eggs', '1 1/2 cups white sugar', '1/2 cup light brown sugar', '1 cup vegetable oil', '1/4 cup melted butter', '2 cups mashed sweet potato (yams)', '1 cup chopped pecans, plus more for topping', '2 teaspoons demerara sugar for topping']"
5,Breakfast and Brunch,Mexican Egg Bake,"['6 (6 inch) corn tortillas', '12 eggs', '1/2 cup milk', '1 cup Cheddar cheese', '1 cup Monterey Jack cheese', '1/4 cup chopped red bell pepper', '1 (4 ounce) can diced green chilies, drained', '1 tablespoon vegetable oil', '1 1/4 cups sliced fresh mushrooms', '1/2 green bell pepper, cut into 1 inch long strips', '1 (10 ounce) can enchilada sauce']"
6,Breakfast and Brunch,Ashley's Apple Cider Doughnuts,"['1 cup apple cider', '1 cup white sugar', '1/4 cup butter, at room temperature', '2 eggs', '1/2 cup buttermilk', '3 1/2 cups all-purpose flour, or more as needed', '2 teaspoons baking powder', '1 teaspoon baking soda', '1/2 teaspoon ground cinnamon', '1/2 teaspoon salt', '1/8 teaspoon ground nutmeg', '2 cups vegetable oil for frying, or as needed', ""1 cup confectioners' sugar"", '2 tablespoons apple cider']"
7,Breakfast and Brunch,Bacon and Egg Breakfast Salad with Avocado Dressing,"['1 avocado, peeled and pitted', '1/2 lemon, juiced', '2 tablespoons Greek yogurt', '1 teaspoon extra-virgin olive oil', '1/4 teaspoon garlic powder', '1/4 teaspoon onion powder', '1/8 teaspoon ground cumin', '1 teaspoon water, or as needed', 'salt and ground black pepper to taste', '4 slices bacon', '2 eggs', '4 cups fresh mixed greens, rinsed and dried', '1 cup cherry tomatoes, halved', '1/2 cup cucumber, peeled and cut into 1/4-inch slices']"
8,Breakfast and Brunch,Vanilla-Almond Spiced French Toast,"['2 cups whole milk', '2 tablespoons brown sugar', '4 large eggs', ""1 teaspoon double-strength imitation vanilla extract (such as Goodman's Route 66)"", '1/2 teaspoon almond extract (such as Watkins(R) pure almond extract)', '1/2 teaspoon ground cinnamon', '1/4 teaspoon ground nutmeg', '1/8 teaspoon ground allspice', '8 thick slices slightly stale Texas toast']"
9,Breakfast and Brunch,Fluffy Pancakes,"['3/4 cup milk', '2 tablespoons white vinegar', '1 cup all-purpose flour', '2 tablespoons white sugar', '1 teaspoon baking powder', '1/2 teaspoon baking soda', '1/2 teaspoon salt', '1 egg', '2 tablespoons butter, melted', 'cooking spray']"
10,Breakfast and Brunch,Good Old Fashioned Pancakes,"['1 1/2 cups all-purpose flour', '3 1/2 teaspoons baking powder', '1 teaspoon salt', '1 tablespoon white sugar', '1 1/4 cups milk', '1 egg', '3 tablespoons butter, melted']"
11,Breakfast and Brunch,Downeast Maine Pumpkin Bread,"['1 (15 ounce) can pumpkin puree', '4 eggs', '1 cup vegetable oil', '2/3 cup water', '3 cups white sugar', '3 1/2 cups all-purpose flour', '2 teaspoons baking soda', '1 1/2 teaspoons salt', '1 teaspoon ground cinnamon', '1 teaspoon ground nutmeg', '1/2 teaspoon ground cloves', '1/4 teaspoon ground ginger']"
12,Breakfast and Brunch,Mom's Zucchini Bread,"['3 cups all-purpose flour', '1 teaspoon salt', '1 teaspoon baking soda', '1 teaspoon baking powder', '1 tablespoon ground cinnamon', '3 eggs', '1 cup vegetable oil', '2 1/4 cups white sugar', '3 teaspoons vanilla extract', '2 cups grated zucchini', '1 cup chopped walnuts']"
13,Breakfast and Brunch,Banana Sour Cream Bread,"['1/4 cup white sugar', '1 teaspoon ground cinnamon', '3/4 cup butter', '3 cups white sugar', '3 eggs', '6 very ripe bananas, mashed', '1 (16 ounce) container sour cream', '2 teaspoons vanilla extract', '2 teaspoons ground cinnamon', '1/2 teaspoon salt', '3 teaspoons baking soda', '4 1/2 cups all-purpose flour', '1 cup chopped walnuts (optional)']"
14,Breakfast and Brunch,Fluffy French Toast,"['1/4 cup all-purpose flour', '1 cup milk', '1 pinch salt', '3 eggs', '1/2 teaspoon ground cinnamon', '1 teaspoon vanilla extract', '1 tablespoon white sugar', '12 thick slices bread']"
15,Breakfast and Brunch,Waffles I,"['2 eggs', '2 cups all-purpose flour', '1 3/4 cups milk', '1/2 cup vegetable oil', '1 tablespoon white sugar', '4 teaspoons baking powder', '1/4 teaspoon salt', '1/2 teaspoon vanilla extract']"
16,Breakfast and Brunch,Buttermilk Pancakes II,"['3 cups all-purpose flour', '3 tablespoons white sugar', '3 teaspoons baking powder', '1 1/2 teaspoons baking soda', '3/4 teaspoon salt', '3 cups buttermilk', '1/2 cup milk', '3 eggs', '1/3 cup butter, melted']"
17,Breakfast and Brunch,Basic Crepes,"['1 cup all-purpose flour', '2 eggs', '1/2 cup milk', '1/2 cup water', '1/4 teaspoon salt', '2 tablespoons butter, melted']"
18,Breakfast and Brunch,Classic Waffles,"['2 cups all-purpose flour', '1 teaspoon salt', '4 teaspoons baking powder', '2 tablespoons white sugar', '2 eggs', '1 1/2 cups warm milk', '1/3 cup butter, melted', '1 teaspoon vanilla extract']"
19,Breakfast and Brunch,Pumpkin Pancakes,"['1 1/2 cups milk', '1 cup pumpkin puree', '1 egg', '2 tablespoons vegetable oil', '2 tablespoons vinegar', '2 cups all-purpose flour', '3 tablespoons brown sugar', '2 teaspoons baking powder', '1 teaspoon baking soda', '1 teaspoon ground allspice', '1 teaspoon ground cinnamon', '1/2 teaspoon ground ginger', '1/2 teaspoon salt']"
20,Breakfast and Brunch,Crustless Spinach Quiche,"['1 tablespoon vegetable oil', '1 onion, chopped', '1 (10 ounce) package frozen chopped spinach, thawed and drained', '5 eggs, beaten', '3 cups shredded Muenster cheese', '1/4 teaspoon salt', '1/8 teaspoon ground black pepper']"
21,Breakfast and Brunch,Cheesy Ham and Hash Brown Casserole,"['1 (32 ounce) package frozen hash brown potatoes', '8 ounces cooked, diced ham', '2 (10.75 ounce) cans condensed cream of potato soup', '1 (16 ounce) container sour cream', '2 cups shredded sharp Cheddar cheese', '1 1/2 cups grated Parmesan cheese']"
22,Breakfast and Brunch,Spinach Quiche,"['1/2 cup butter', '3 cloves garlic, chopped', '1 small onion, chopped', '1 (10 ounce) package frozen chopped spinach, thawed and drained', '1 (4.5 ounce) can mushrooms, drained', '1 (6 ounce) package herb and garlic feta, crumbled', '1 (8 ounce) package shredded Cheddar cheese', 'salt and pepper to taste', '1 (9 inch) unbaked deep dish pie crust', '4 eggs, beaten', '1 cup milk', 'salt and pepper to taste']"
23,Breakfast and Brunch,Banana Pancakes I,"['1 cup all-purpose flour', '1 tablespoon white sugar', '2 teaspoons baking powder', '1/4 teaspoon salt', '1 egg, beaten', '1 cup milk', '2 tablespoons vegetable oil', '2 ripe bananas, mashed']"
24,Breakfast and Brunch,Monkey Bread I,"['3 (12 ounce) packages refrigerated biscuit dough', '1 cup white sugar', '2 teaspoons ground cinnamon', '1/2 cup margarine', '1 cup packed brown sugar', '1/2 cup chopped walnuts (optional)', '1/2 cup raisins']"
25,Breakfast and Brunch,Pumpkin Bread IV,"['3 cups canned pumpkin puree', '1 1/2 cups vegetable oil', '4 cups white sugar', '6 eggs', '4 3/4 cups all-purpose flour', '1 1/2 teaspoons baking powder', '1 1/2 teaspoons baking soda', '1 1/2 teaspoons salt', '1 1/2 teaspoons ground cinnamon', '1 1/2 teaspoons ground nutmeg', '1 1/2 teaspoons ground cloves']"
26,Breakfast and Brunch,Overnight Blueberry French Toast,"['12 slices day-old bread, cut into 1-inch cubes', '2 (8 ounce) packages cream cheese, cut into 1 inch cubes', '1 cup fresh blueberries', '12 eggs, beaten', '2 cups milk', '1 teaspoon vanilla extract', '1/3 cup maple syrup', '1 cup white sugar', '2 tablespoons cornstarch', '1 cup water', '1 cup fresh blueberries', '1 tablespoon butter']"
27,Breakfast and Brunch,Christmas Breakfast Sausage Casserole,"['1 pound ground pork sausage', '1 teaspoon mustard powder', '1/2 teaspoon salt', '4 eggs, beaten', '2 cups milk', '6 slices white bread, toasted and cut into cubes', '8 ounces mild Cheddar cheese, shredded']"
28,Breakfast and Brunch,Baked French Toast,"['1 (1 pound) loaf French bread, cut diagonally in 1 inch slices', '8 eggs', '2 cups milk', '1 1/2 cups half-and-half cream', '2 teaspoons vanilla extract', '1/4 teaspoon ground cinnamon', '3/4 cup butter', '1 1/3 cups brown sugar', '3 tablespoons light corn syrup']"
29,Breakfast and Brunch,Brunch Egg Bake,"['2 cups shredded Cheddar cheese', '2 cups shredded mozzarella cheese', '2 tablespoons butter', '1 (4.5 ounce) jar sliced mushrooms, drained', '1/3 cup sliced green onions', '1/2 cup chopped red bell pepper', '2 cups diced fully cooked ham', '8 eggs', '1 3/4 cups milk', '1/2 cup all-purpose flour', '2 tablespoons minced fresh parsley', '1/2 teaspoon dried basil', '1/2 teaspoon salt', '1/4 teaspoon ground black pepper']"
30,Breakfast and Brunch,Quick Pumpkin Oatmeal,"['3 1/2 cups milk, or more to taste', '2 cups old-fashioned oats', '1 cup canned pumpkin puree', '1 teaspoon ground cinnamon', '1/2 teaspoon salt', '1/2 teaspoon ground ginger', '1/4 teaspoon ground allspice', '1/4 teaspoon ground nutmeg', '2 tablespoons brown sugar, or to taste (optional)', '2 tablespoons pecan pieces, or to taste (optional)']"
31,Breakfast and Brunch,Best Buckwheat Pancakes,"['1 cup buttermilk', '1 egg', '3 tablespoons butter, melted', '6 tablespoons all-purpose flour', '6 tablespoons buckwheat flour', '1 teaspoon white sugar', '1/2 teaspoon salt', '1 teaspoon baking soda', '3 tablespoons butter']"
32,Breakfast and Brunch,Make-Ahead Breakfast Bars,"['cooking spray', '3 cups frozen Southern-style hash browns', '4 eggs, lightly beaten', '1 cup cubed fully cooked ham', '1 cup shredded Cheddar-Monterey Jack cheese blend', '1/2 teaspoon onion powder', '1/4 teaspoon salt', '1/8 teaspoon ground black pepper']"
33,Breakfast and Brunch,Chef John's Sweet Potato Muffins,"['non-stick cooking spray', '2 cups all-purpose flour', '2 teaspoons baking powder', '2 teaspoons cinnamon', '1 teaspoon kosher salt', '1 teaspoon baking soda', '1/2 teaspoon ground ginger', '1 pinch freshly grated nutmeg', '4 large eggs', '1 1/2 cups white sugar', '1/2 cup light brown sugar', '1 cup vegetable oil', '1/4 cup melted butter', '2 cups mashed sweet potato (yams)', '1 cup chopped pecans, plus more for topping', '2 teaspoons demerara sugar for topping']"
34,Breakfast and Brunch,Mexican Egg Bake,"['6 (6 inch) corn tortillas', '12 eggs', '1/2 cup milk', '1 cup Cheddar cheese', '1 cup Monterey Jack cheese', '1/4 cup chopped red bell pepper', '1 (4 ounce) can diced green chilies, drained', '1 tablespoon vegetable oil', '1 1/4 cups sliced fresh mushrooms', '1/2 green bell pepper, cut into 1 inch long strips', '1 (10 ounce) can enchilada sauce']"
35,Breakfast and Brunch,Ashley's Apple Cider Doughnuts,"['1 cup apple cider', '1 cup white sugar', '1/4 cup butter, at room temperature', '2 eggs', '1/2 cup buttermilk', '3 1/2 cups all-purpose flour, or more as needed', '2 teaspoons baking powder', '1 teaspoon baking soda', '1/2 teaspoon ground cinnamon', '1/2 teaspoon salt', '1/8 teaspoon ground nutmeg', '2 cups vegetable oil for frying, or as needed', ""1 cup confectioners' sugar"", '2 tablespoons apple cider']"
36,Breakfast and Brunch,Bacon and Egg Breakfast Salad with Avocado Dressing,"['1 avocado, peeled and pitted', '1/2 lemon, juiced', '2 tablespoons Greek yogurt', '1 teaspoon extra-virgin olive oil', '1/4 teaspoon garlic powder', '1/4 teaspoon onion powder', '1/8 teaspoon ground cumin', '1 teaspoon water, or as needed', 'salt and ground black pepper to taste', '4 slices bacon', '2 eggs', '4 cups fresh mixed greens, rinsed and dried', '1 cup cherry tomatoes, halved', '1/2 cup cucumber, peeled and cut into 1/4-inch slices']"
37,Breakfast and Brunch,Vanilla-Almond Spiced French Toast,"['2 cups whole milk', '2 tablespoons brown sugar', '4 large eggs', ""1 teaspoon double-strength imitation vanilla extract (such as Goodman's Route 66)"", '1/2 teaspoon almond extract (such as Watkins(R) pure almond extract)', '1/2 teaspoon ground cinnamon', '1/4 teaspoon ground nutmeg', '1/8 teaspoon ground allspice', '8 thick slices slightly stale Texas toast']"
38,Breakfast and Brunch,Fluffy Pancakes,"['3/4 cup milk', '2 tablespoons white vinegar', '1 cup all-purpose flour', '2 tablespoons white sugar', '1 teaspoon baking powder', '1/2 teaspoon baking soda', '1/2 teaspoon salt', '1 egg', '2 tablespoons butter, melted', 'cooking spray']"
39,Breakfast and Brunch,Good Old Fashioned Pancakes,"['1 1/2 cups all-purpose flour', '3 1/2 teaspoons baking powder', '1 teaspoon salt', '1 tablespoon white sugar', '1 1/4 cups milk', '1 egg', '3 tablespoons butter, melted']"
40,Breakfast and Brunch,Downeast Maine Pumpkin Bread,"['1 (15 ounce) can pumpkin puree', '4 eggs', '1 cup vegetable oil', '2/3 cup water', '3 cups white sugar', '3 1/2 cups all-purpose flour', '2 teaspoons baking soda', '1 1/2 teaspoons salt', '1 teaspoon ground cinnamon', '1 teaspoon ground nutmeg', '1/2 teaspoon ground cloves', '1/4 teaspoon ground ginger']"
41,Breakfast and Brunch,Mom's Zucchini Bread,"['3 cups all-purpose flour', '1 teaspoon salt', '1 teaspoon baking soda', '1 teaspoon baking powder', '1 tablespoon ground cinnamon', '3 eggs', '1 cup vegetable oil', '2 1/4 cups white sugar', '3 teaspoons vanilla extract', '2 cups grated zucchini', '1 cup chopped walnuts']"
42,Breakfast and Brunch,Banana Sour Cream Bread,"['1/4 cup white sugar', '1 teaspoon ground cinnamon', '3/4 cup butter', '3 cups white sugar', '3 eggs', '6 very ripe bananas, mashed', '1 (16 ounce) container sour cream', '2 teaspoons vanilla extract', '2 teaspoons ground cinnamon', '1/2 teaspoon salt', '3 teaspoons baking soda', '4 1/2 cups all-purpose flour', '1 cup chopped walnuts (optional)']"
43,Breakfast and Brunch,Fluffy French Toast,"['1/4 cup all-purpose flour', '1 cup milk', '1 pinch salt', '3 eggs', '1/2 teaspoon ground cinnamon', '1 teaspoon vanilla extract', '1 tablespoon white sugar', '12 thick slices bread']"
44,Breakfast and Brunch,Waffles I,"['2 eggs', '2 cups all-purpose flour', '1 3/4 cups milk', '1/2 cup vegetable oil', '1 tablespoon white sugar', '4 teaspoons baking powder', '1/4 teaspoon salt', '1/2 teaspoon vanilla extract']"
45,Breakfast and Brunch,Buttermilk Pancakes II,"['3 cups all-purpose flour', '3 tablespoons white sugar', '3 teaspoons baking powder', '1 1/2 teaspoons baking soda', '3/4 teaspoon salt', '3 cups buttermilk', '1/2 cup milk', '3 eggs', '1/3 cup butter, melted']"
46,Breakfast and Brunch,Basic Crepes,"['1 cup all-purpose flour', '2 eggs', '1/2 cup milk', '1/2 cup water', '1/4 teaspoon salt', '2 tablespoons butter, melted']"
47,Breakfast and Brunch,Classic Waffles,"['2 cups all-purpose flour', '1 teaspoon salt', '4 teaspoons baking powder', '2 tablespoons white sugar', '2 eggs', '1 1/2 cups warm milk', '1/3 cup butter, melted', '1 teaspoon vanilla extract']"
48,Breakfast and Brunch,Pumpkin Pancakes,"['1 1/2 cups milk', '1 cup pumpkin puree', '1 egg', '2 tablespoons vegetable oil', '2 tablespoons vinegar', '2 cups all-purpose flour', '3 tablespoons brown sugar', '2 teaspoons baking powder', '1 teaspoon baking soda', '1 teaspoon ground allspice', '1 teaspoon ground cinnamon', '1/2 teaspoon ground ginger', '1/2 teaspoon salt']"
49,Breakfast and Brunch,Crustless Spinach Quiche,"['1 tablespoon vegetable oil', '1 onion, chopped', '1 (10 ounce) package frozen chopped spinach, thawed and drained', '5 eggs, beaten', '3 cups shredded Muenster cheese', '1/4 teaspoon salt', '1/8 teaspoon ground black pepper']"
50,Breakfast and Brunch,Cheesy Ham and Hash Brown Casserole,"['1 (32 ounce) package frozen hash brown potatoes', '8 ounces cooked, diced ham', '2 (10.75 ounce) cans condensed cream of potato soup', '1 (16 ounce) container sour cream', '2 cups shredded sharp Cheddar cheese', '1 1/2 cups grated Parmesan cheese']"
51,Breakfast and Brunch,Spinach Quiche,"['1/2 cup butter', '3 cloves garlic, chopped', '1 small onion, chopped', '1 (10 ounce) package frozen chopped spinach, thawed and drained', '1 (4.5 ounce) can mushrooms, drained', '1 (6 ounce) package herb and garlic feta, crumbled', '1 (8 ounce) package shredded Cheddar cheese', 'salt and pepper to taste', '1 (9 inch) unbaked deep dish pie crust', '4 eggs, beaten', '1 cup milk', 'salt and pepper to taste']"
52,Breakfast and Brunch,Banana Pancakes I,"['1 cup all-purpose flour', '1 tablespoon white sugar', '2 teaspoons baking powder', '1/4 teaspoon salt', '1 egg, beaten', '1 cup milk', '2 tablespoons vegetable oil', '2 ripe bananas, mashed']"
53,Breakfast and Brunch,Monkey Bread I,"['3 (12 ounce) packages refrigerated biscuit dough', '1 cup white sugar', '2 teaspoons ground cinnamon', '1/2 cup margarine', '1 cup packed brown sugar', '1/2 cup chopped walnuts (optional)', '1/2 cup raisins']"
54,Breakfast and Brunch,Pumpkin Bread IV,"['3 cups canned pumpkin puree', '1 1/2 cups vegetable oil', '4 cups white sugar', '6 eggs', '4 3/4 cups all-purpose flour', '1 1/2 teaspoons baking powder', '1 1/2 teaspoons baking soda', '1 1/2 teaspoons salt', '1 1/2 teaspoons ground cinnamon', '1 1/2 teaspoons ground nutmeg', '1 1/2 teaspoons ground cloves']"
55,Breakfast and Brunch,Overnight Blueberry French Toast,"['12 slices day-old bread, cut into 1-inch cubes', '2 (8 ounce) packages cream cheese, cut into 1 inch cubes', '1 cup fresh blueberries', '12 eggs, beaten', '2 cups milk', '1 teaspoon vanilla extract', '1/3 cup maple syrup', '1 cup white sugar', '2 tablespoons cornstarch', '1 cup water', '1 cup fresh blueberries', '1 tablespoon butter']"
56,Breakfast and Brunch,Christmas Breakfast Sausage Casserole,"['1 pound ground pork sausage', '1 teaspoon mustard powder', '1/2 teaspoon salt', '4 eggs, beaten', '2 cups milk', '6 slices white bread, toasted and cut into cubes', '8 ounces mild Cheddar cheese, shredded']"
57,Breakfast and Brunch,Baked French Toast,"['1 (1 pound) loaf French bread, cut diagonally in 1 inch slices', '8 eggs', '2 cups milk', '1 1/2 cups half-and-half cream', '2 teaspoons vanilla extract', '1/4 teaspoon ground cinnamon', '3/4 cup butter', '1 1/3 cups brown sugar', '3 tablespoons light corn syrup']"
0,Desserts,Chocolate-Orange Cupcakes with Pistachio Buttercream,"['1 teaspoon shortening, or as needed', '1 teaspoon all-purpose flour, or as needed', '1 1/2 cups all-purpose flour, sifted', '1 cup white sugar', '3 tablespoons cocoa powder', '1 teaspoon baking soda', '1/4 teaspoon salt', '1 cup cold water', '1/3 cup olive oil', '2 tablespoons orange juice', '1/2 teaspoon vanilla extract', '1 tablespoon grated orange zest', '1/2 cup unsalted butter', ""2/3 cup confectioners' sugar, sifted"", '2 tablespoons instant pistachio pudding mix', '2 tablespoons cold water', '1 ounce dark chocolate, grated']"
1,Desserts,Pumpkin Spice,"['1 teaspoon ground cinnamon', '1/4 teaspoon ground nutmeg', '1/4 teaspoon ground ginger', '1/8 teaspoon ground cloves']"
2,Desserts,"Cream Puff ""Crack Buns"" (Choux au Craquelin)","['3 tablespoons butter, softened', '1/4 cup light brown sugar', '6 tablespoons all-purpose flour', '1 pinch salt', '1/2 cup cold water', '4 tablespoons unsalted butter', '1 pinch salt', '1/2 cup all-purpose flour', '2 large eggs, at room temperature', '1 (4 ounce) bar dark chocolate, chopped, or as needed (optional)']"
3,Desserts,Chocolate Cupcakes with Pumpkin Cheesecake Filling,"['1 (8 ounce) package cream cheese, at room temperature', '1/3 cup white sugar', '1 egg', '2 tablespoons 100% pure pumpkin', '6 drops yellow food coloring (optional)', '3 drops red food coloring (optional)', '1/8 teaspoon salt', '1/2 cup semisweet chocolate chips, or more to taste', '1 1/2 cups all-purpose flour', '1 cup white sugar', '1/4 cup unsweetened cocoa powder', '1 teaspoon baking soda', '1/2 teaspoon salt', '1/3 cup vegetable oil', '1 cup water', '1 teaspoon white vinegar', '1 teaspoon vanilla extract']"
4,Desserts,Oatmeal Cookie Apple Crisp,"['6 cups peeled and sliced apples', '1/2 cup white sugar', '1 tablespoon all-purpose flour', '1 teaspoon ground cinnamon', '1/4 teaspoon salt', '3/4 cup old-fashioned rolled oats', '3/4 cup all-purpose flour', '3/4 cup brown sugar', '1/2 teaspoon baking soda', '1/4 teaspoon baking powder', '1/2 cup butter, melted']"
5,Desserts,Halloween Macarons,"['2/3 cup fine ground almond flour (scant measure)', ""2/3 cup confectioners' measure (scant measure)"", '1 tablespoon powdered orange food coloring', '2 medium egg whites, at room temperature', '1 pinch cream of tartar', '1/4 cup superfine sugar', '6 ounces mascarpone cheese, at room temperature', '2 tablespoons caramel sauce', ""1 tablespoon confectioners' sugar"", '1 teaspoon powdered black food coloring']"
6,Desserts,Halloween Fondant Ghost Cupcakes,"['1 cup all-purpose flour', '2 tablespoons all-purpose flour', '1/2 cup unsweetened cocoa powder', '1 teaspoon baking soda', '1 teaspoon salt', '1 cup white sugar', '1/2 cup butter', '1 egg', '1 teaspoon vanilla extract', '1 cup milk', '1 (16 ounce) package vanilla frosting', '6 large marshmallows, cut in half crosswise', ""2 tablespoons confectioners' sugar, or as needed"", '8 ounces ready-to-use white fondant', '12 raisins, halved']"
7,Desserts,Autumn Apple Slab Pie,"['3 3/4 cups all-purpose flour', '1 1/2 cups unsalted butter, cut into pieces and frozen', '3/4 teaspoon salt', '1/2 cup ice water', '2 tablespoons ice water, or more if needed', '1 tablespoon apple cider vinegar', '1 1/2 teaspoons apple cider vinegar', '10 Paula Red apples - peeled, cored, and cut into 1/8-inch slices', '2 small lemons, juiced', '1/4 cup all-purpose flour', '3/4 cup dark brown sugar', '1 1/2 teaspoons ground cinnamon', '1 teaspoon vanilla extract', '1/2 teaspoon salt', '1/2 teaspoon ground cloves', '1/4 teaspoon ground nutmeg', '1/4 teaspoon ground allspice', '3/4 cup raisins', '1/2 cup chopped walnuts', '1 large egg', '1 tablespoon water']"
8,Desserts,Peanut Butter Spider Cookies,"['1/2 cup shortening', '1/2 cup peanut butter', '1/2 cup packed brown sugar', '1/2 cup white sugar', '1 egg, beaten', '2 tablespoons milk', '1 teaspoon vanilla extract', '1 3/4 cups all-purpose flour', '1 teaspoon baking soda', '1/2 teaspoon salt', '1/4 cup white sugar for rolling', '24 chocolate candy spheres with smooth chocolate filling (such as Lindt Lindor Truffles), refrigerated until cold', '48 decorative candy eyeballs', '1/2 cup prepared chocolate frosting']"
9,Desserts,Apple Pie by Grandma Ople,"['1 recipe pastry for a 9 inch double crust pie', '1/2 cup unsalted butter', '3 tablespoons all-purpose flour', '1/4 cup water', '1/2 cup white sugar', '1/2 cup packed brown sugar', '8 Granny Smith apples - peeled, cored and sliced']"
10,Desserts,Best Chocolate Chip Cookies,"['1 cup butter, softened', '1 cup white sugar', '1 cup packed brown sugar', '2 eggs', '2 teaspoons vanilla extract', '1 teaspoon baking soda', '2 teaspoons hot water', '1/2 teaspoon salt', '3 cups all-purpose flour', '2 cups semisweet chocolate chips', '1 cup chopped walnuts']"
11,Desserts,Best Brownies,"['1/2 cup butter', '1 cup white sugar', '2 eggs', '1 teaspoon vanilla extract', '1/3 cup unsweetened cocoa powder', '1/2 cup all-purpose flour', '1/4 teaspoon salt', '1/4 teaspoon baking powder', '3 tablespoons butter, softened', '3 tablespoons unsweetened cocoa powder', '1 tablespoon honey', '1 teaspoon vanilla extract', ""1 cup confectioners' sugar""]"
12,Desserts,"Best Big, Fat, Chewy Chocolate Chip Cookie","['2 cups all-purpose flour', '1/2 teaspoon baking soda', '1/2 teaspoon salt', '3/4 cup unsalted butter, melted', '1 cup packed brown sugar', '1/2 cup white sugar', '1 tablespoon vanilla extract', '1 egg', '1 egg yolk', '2 cups semisweet chocolate chips']"
13,Desserts,Award Winning Soft Chocolate Chip Cookies,"['4 1/2 cups all-purpose flour', '2 teaspoons baking soda', '2 cups butter, softened', '1 1/2 cups packed brown sugar', '1/2 cup white sugar', '2 (3.4 ounce) packages instant vanilla pudding mix', '4 eggs', '2 teaspoons vanilla extract', '4 cups semisweet chocolate chips', '2 cups chopped walnuts (optional)']"
14,Desserts,The Best Rolled Sugar Cookies,"['1 1/2 cups butter, softened', '2 cups white sugar', '4 eggs', '1 teaspoon vanilla extract', '5 cups all-purpose flour', '2 teaspoons baking powder', '1 teaspoon salt']"
15,Desserts,Too Much Chocolate Cake,"[""1 (18.25 ounce) package devil's food cake mix"", '1 (5.9 ounce) package instant chocolate pudding mix', '1 cup sour cream', '1 cup vegetable oil', '4 eggs', '1/2 cup warm water', '2 cups semisweet chocolate chips']"
16,Desserts,Apple Crisp II,"['10 cups all-purpose apples, peeled, cored and sliced', '1 cup white sugar', '1 tablespoon all-purpose flour', '1 teaspoon ground cinnamon', '1/2 cup water', '1 cup quick-cooking oats', '1 cup all-purpose flour', '1 cup packed brown sugar', '1/4 teaspoon baking powder', '1/4 teaspoon baking soda', '1/2 cup butter, melted']"
17,Desserts,Chantal's New York Cheesecake,"['15 graham crackers, crushed', '2 tablespoons butter, melted', '4 (8 ounce) packages cream cheese', '1 1/2 cups white sugar', '3/4 cup milk', '4 eggs', '1 cup sour cream', '1 tablespoon vanilla extract', '1/4 cup all-purpose flour']"
18,Desserts,Carrot Cake III,"['4 eggs', '1 1/4 cups vegetable oil', '2 cups white sugar', '2 teaspoons vanilla extract', '2 cups all-purpose flour', '2 teaspoons baking soda', '2 teaspoons baking powder', '1/2 teaspoon salt', '2 teaspoons ground cinnamon', '3 cups grated carrots', '1 cup chopped pecans', '1/2 cup butter, softened', '8 ounces cream cheese, softened', ""4 cups confectioners' sugar"", '1 teaspoon vanilla extract', '1 cup chopped pecans']"
19,Desserts,Easy Sugar Cookies,"['2 3/4 cups all-purpose flour', '1 teaspoon baking soda', '1/2 teaspoon baking powder', '1 cup butter, softened', '1 1/2 cups white sugar', '1 egg', '1 teaspoon vanilla extract']"
20,Desserts,Mrs. Sigg's Snickerdoodles,"['1/2 cup butter, softened', '1/2 cup shortening', '1 1/2 cups white sugar', '2 eggs', '2 teaspoons vanilla extract', '2 3/4 cups all-purpose flour', '2 teaspoons cream of tartar', '1 teaspoon baking soda', '1/4 teaspoon salt', '2 tablespoons white sugar', '2 teaspoons ground cinnamon']"
21,Desserts,Big Soft Ginger Cookies,"['2 1/4 cups all-purpose flour', '2 teaspoons ground ginger', '1 teaspoon baking soda', '3/4 teaspoon ground cinnamon', '1/2 teaspoon ground cloves', '1/4 teaspoon salt', '3/4 cup margarine, softened', '1 cup white sugar', '1 egg', '1 tablespoon water', '1/4 cup molasses', '2 tablespoons white sugar']"
22,Desserts,Creamy Rice Pudding,"['3/4 cup uncooked white rice', '2 cups milk, divided', '1/3 cup white sugar', '1/4 teaspoon salt', '1 egg, beaten', '2/3 cup golden raisins', '1 tablespoon butter', '1/2 teaspoon vanilla extract']"
23,Desserts,Beth's Spicy Oatmeal Raisin Cookies,"['1/2 cup butter, softened', '1/2 cup butter flavored shortening', '1 cup packed light brown sugar', '1/2 cup white sugar', '2 eggs', '1 teaspoon vanilla extract', '1 1/2 cups all-purpose flour', '1 teaspoon baking soda', '1 teaspoon ground cinnamon', '1/2 teaspoon ground cloves', '1/2 teaspoon salt', '3 cups rolled oats', '1 cup raisins']"
24,Desserts,Chewy Chocolate Chip Oatmeal Cookies,"['1 cup butter, softened', '1 cup packed light brown sugar', '1/2 cup white sugar', '2 eggs', '2 teaspoons vanilla extract', '1 1/4 cups all-purpose flour', '1/2 teaspoon baking soda', '1 teaspoon salt', '3 cups quick-cooking oats', '1 cup chopped walnuts', '1 cup semisweet chocolate chips']"
25,Desserts,Brooke's Best Bombshell Brownies,"['1 cup butter, melted', '3 cups white sugar', '1 tablespoon vanilla extract', '4 eggs', '1 1/2 cups all-purpose flour', '1 cup unsweetened cocoa powder', '1 teaspoon salt', '1 cup semisweet chocolate chips']"
26,Desserts,Iced Pumpkin Cookies,"['2 1/2 cups all-purpose flour', '1 teaspoon baking powder', '1 teaspoon baking soda', '2 teaspoons ground cinnamon', '1/2 teaspoon ground nutmeg', '1/2 teaspoon ground cloves', '1/2 teaspoon salt', '1/2 cup butter, softened', '1 1/2 cups white sugar', '1 cup canned pumpkin puree', '1 egg', '1 teaspoon vanilla extract', ""2 cups confectioners' sugar"", '3 tablespoons milk', '1 tablespoon melted butter', '1 teaspoon vanilla extract']"
27,Desserts,Peanut Butter Cup Cookies,"['1 3/4 cups all-purpose flour', '1/2 teaspoon salt', '1 teaspoon baking soda', '1/2 cup butter, softened', '1/2 cup white sugar', '1/2 cup peanut butter', '1/2 cup packed brown sugar', '1 egg, beaten', '1 teaspoon vanilla extract', '2 tablespoons milk', '40 miniature chocolate covered peanut butter cups, unwrapped']"
28,Desserts,Soft Oatmeal Cookies,"['1 cup butter, softened', '1 cup white sugar', '1 cup packed brown sugar', '2 eggs', '1 teaspoon vanilla extract', '2 cups all-purpose flour', '1 teaspoon baking soda', '1 teaspoon salt', '1 1/2 teaspoons ground cinnamon', '3 cups quick cooking oats']"
29,Desserts,Chocolate-Orange Cupcakes with Pistachio Buttercream,"['1 teaspoon shortening, or as needed', '1 teaspoon all-purpose flour, or as needed', '1 1/2 cups all-purpose flour, sifted', '1 cup white sugar', '3 tablespoons cocoa powder', '1 teaspoon baking soda', '1/4 teaspoon salt', '1 cup cold water', '1/3 cup olive oil', '2 tablespoons orange juice', '1/2 teaspoon vanilla extract', '1 tablespoon grated orange zest', '1/2 cup unsalted butter', ""2/3 cup confectioners' sugar, sifted"", '2 tablespoons instant pistachio pudding mix', '2 tablespoons cold water', '1 ounce dark chocolate, grated']"
30,Desserts,Pumpkin Spice,"['1 teaspoon ground cinnamon', '1/4 teaspoon ground nutmeg', '1/4 teaspoon ground ginger', '1/8 teaspoon ground cloves']"
31,Desserts,"Cream Puff ""Crack Buns"" (Choux au Craquelin)","['3 tablespoons butter, softened', '1/4 cup light brown sugar', '6 tablespoons all-purpose flour', '1 pinch salt', '1/2 cup cold water', '4 tablespoons unsalted butter', '1 pinch salt', '1/2 cup all-purpose flour', '2 large eggs, at room temperature', '1 (4 ounce) bar dark chocolate, chopped, or as needed (optional)']"
32,Desserts,Chocolate Cupcakes with Pumpkin Cheesecake Filling,"['1 (8 ounce) package cream cheese, at room temperature', '1/3 cup white sugar', '1 egg', '2 tablespoons 100% pure pumpkin', '6 drops yellow food coloring (optional)', '3 drops red food coloring (optional)', '1/8 teaspoon salt', '1/2 cup semisweet chocolate chips, or more to taste', '1 1/2 cups all-purpose flour', '1 cup white sugar', '1/4 cup unsweetened cocoa powder', '1 teaspoon baking soda', '1/2 teaspoon salt', '1/3 cup vegetable oil', '1 cup water', '1 teaspoon white vinegar', '1 teaspoon vanilla extract']"
33,Desserts,Oatmeal Cookie Apple Crisp,"['6 cups peeled and sliced apples', '1/2 cup white sugar', '1 tablespoon all-purpose flour', '1 teaspoon ground cinnamon', '1/4 teaspoon salt', '3/4 cup old-fashioned rolled oats', '3/4 cup all-purpose flour', '3/4 cup brown sugar', '1/2 teaspoon baking soda', '1/4 teaspoon baking powder', '1/2 cup butter, melted']"
34,Desserts,Halloween Macarons,"['2/3 cup fine ground almond flour (scant measure)', ""2/3 cup confectioners' measure (scant measure)"", '1 tablespoon powdered orange food coloring', '2 medium egg whites, at room temperature', '1 pinch cream of tartar', '1/4 cup superfine sugar', '6 ounces mascarpone cheese, at room temperature', '2 tablespoons caramel sauce', ""1 tablespoon confectioners' sugar"", '1 teaspoon powdered black food coloring']"
35,Desserts,Halloween Fondant Ghost Cupcakes,"['1 cup all-purpose flour', '2 tablespoons all-purpose flour', '1/2 cup unsweetened cocoa powder', '1 teaspoon baking soda', '1 teaspoon salt', '1 cup white sugar', '1/2 cup butter', '1 egg', '1 teaspoon vanilla extract', '1 cup milk', '1 (16 ounce) package vanilla frosting', '6 large marshmallows, cut in half crosswise', ""2 tablespoons confectioners' sugar, or as needed"", '8 ounces ready-to-use white fondant', '12 raisins, halved']"
36,Desserts,Autumn Apple Slab Pie,"['3 3/4 cups all-purpose flour', '1 1/2 cups unsalted butter, cut into pieces and frozen', '3/4 teaspoon salt', '1/2 cup ice water', '2 tablespoons ice water, or more if needed', '1 tablespoon apple cider vinegar', '1 1/2 teaspoons apple cider vinegar', '10 Paula Red apples - peeled, cored, and cut into 1/8-inch slices', '2 small lemons, juiced', '1/4 cup all-purpose flour', '3/4 cup dark brown sugar', '1 1/2 teaspoons ground cinnamon', '1 teaspoon vanilla extract', '1/2 teaspoon salt', '1/2 teaspoon ground cloves', '1/4 teaspoon ground nutmeg', '1/4 teaspoon ground allspice', '3/4 cup raisins', '1/2 cup chopped walnuts', '1 large egg', '1 tablespoon water']"
37,Desserts,Peanut Butter Spider Cookies,"['1/2 cup shortening', '1/2 cup peanut butter', '1/2 cup packed brown sugar', '1/2 cup white sugar', '1 egg, beaten', '2 tablespoons milk', '1 teaspoon vanilla extract', '1 3/4 cups all-purpose flour', '1 teaspoon baking soda', '1/2 teaspoon salt', '1/4 cup white sugar for rolling', '24 chocolate candy spheres with smooth chocolate filling (such as Lindt Lindor Truffles), refrigerated until cold', '48 decorative candy eyeballs', '1/2 cup prepared chocolate frosting']"
38,Desserts,Apple Pie by Grandma Ople,"['1 recipe pastry for a 9 inch double crust pie', '1/2 cup unsalted butter', '3 tablespoons all-purpose flour', '1/4 cup water', '1/2 cup white sugar', '1/2 cup packed brown sugar', '8 Granny Smith apples - peeled, cored and sliced']"
39,Desserts,Best Chocolate Chip Cookies,"['1 cup butter, softened', '1 cup white sugar', '1 cup packed brown sugar', '2 eggs', '2 teaspoons vanilla extract', '1 teaspoon baking soda', '2 teaspoons hot water', '1/2 teaspoon salt', '3 cups all-purpose flour', '2 cups semisweet chocolate chips', '1 cup chopped walnuts']"
40,Desserts,Best Brownies,"['1/2 cup butter', '1 cup white sugar', '2 eggs', '1 teaspoon vanilla extract', '1/3 cup unsweetened cocoa powder', '1/2 cup all-purpose flour', '1/4 teaspoon salt', '1/4 teaspoon baking powder', '3 tablespoons butter, softened', '3 tablespoons unsweetened cocoa powder', '1 tablespoon honey', '1 teaspoon vanilla extract', ""1 cup confectioners' sugar""]"
41,Desserts,"Best Big, Fat, Chewy Chocolate Chip Cookie","['2 cups all-purpose flour', '1/2 teaspoon baking soda', '1/2 teaspoon salt', '3/4 cup unsalted butter, melted', '1 cup packed brown sugar', '1/2 cup white sugar', '1 tablespoon vanilla extract', '1 egg', '1 egg yolk', '2 cups semisweet chocolate chips']"
42,Desserts,Award Winning Soft Chocolate Chip Cookies,"['4 1/2 cups all-purpose flour', '2 teaspoons baking soda', '2 cups butter, softened', '1 1/2 cups packed brown sugar', '1/2 cup white sugar', '2 (3.4 ounce) packages instant vanilla pudding mix', '4 eggs', '2 teaspoons vanilla extract', '4 cups semisweet chocolate chips', '2 cups chopped walnuts (optional)']"
43,Desserts,The Best Rolled Sugar Cookies,"['1 1/2 cups butter, softened', '2 cups white sugar', '4 eggs', '1 teaspoon vanilla extract', '5 cups all-purpose flour', '2 teaspoons baking powder', '1 teaspoon salt']"
44,Desserts,Too Much Chocolate Cake,"[""1 (18.25 ounce) package devil's food cake mix"", '1 (5.9 ounce) package instant chocolate pudding mix', '1 cup sour cream', '1 cup vegetable oil', '4 eggs', '1/2 cup warm water', '2 cups semisweet chocolate chips']"
45,Desserts,Apple Crisp II,"['10 cups all-purpose apples, peeled, cored and sliced', '1 cup white sugar', '1 tablespoon all-purpose flour', '1 teaspoon ground cinnamon', '1/2 cup water', '1 cup quick-cooking oats', '1 cup all-purpose flour', '1 cup packed brown sugar', '1/4 teaspoon baking powder', '1/4 teaspoon baking soda', '1/2 cup butter, melted']"
46,Desserts,Chantal's New York Cheesecake,"['15 graham crackers, crushed', '2 tablespoons butter, melted', '4 (8 ounce) packages cream cheese', '1 1/2 cups white sugar', '3/4 cup milk', '4 eggs', '1 cup sour cream', '1 tablespoon vanilla extract', '1/4 cup all-purpose flour']"
47,Desserts,Carrot Cake III,"['4 eggs', '1 1/4 cups vegetable oil', '2 cups white sugar', '2 teaspoons vanilla extract', '2 cups all-purpose flour', '2 teaspoons baking soda', '2 teaspoons baking powder', '1/2 teaspoon salt', '2 teaspoons ground cinnamon', '3 cups grated carrots', '1 cup chopped pecans', '1/2 cup butter, softened', '8 ounces cream cheese, softened', ""4 cups confectioners' sugar"", '1 teaspoon vanilla extract', '1 cup chopped pecans']"
48,Desserts,Easy Sugar Cookies,"['2 3/4 cups all-purpose flour', '1 teaspoon baking soda', '1/2 teaspoon baking powder', '1 cup butter, softened', '1 1/2 cups white sugar', '1 egg', '1 teaspoon vanilla extract']"
49,Desserts,Mrs. Sigg's Snickerdoodles,"['1/2 cup butter, softened', '1/2 cup shortening', '1 1/2 cups white sugar', '2 eggs', '2 teaspoons vanilla extract', '2 3/4 cups all-purpose flour', '2 teaspoons cream of tartar', '1 teaspoon baking soda', '1/4 teaspoon salt', '2 tablespoons white sugar', '2 teaspoons ground cinnamon']"
50,Desserts,Big Soft Ginger Cookies,"['2 1/4 cups all-purpose flour', '2 teaspoons ground ginger', '1 teaspoon baking soda', '3/4 teaspoon ground cinnamon', '1/2 teaspoon ground cloves', '1/4 teaspoon salt', '3/4 cup margarine, softened', '1 cup white sugar', '1 egg', '1 tablespoon water', '1/4 cup molasses', '2 tablespoons white sugar']"
51,Desserts,Creamy Rice Pudding,"['3/4 cup uncooked white rice', '2 cups milk, divided', '1/3 cup white sugar', '1/4 teaspoon salt', '1 egg, beaten', '2/3 cup golden raisins', '1 tablespoon butter', '1/2 teaspoon vanilla extract']"
52,Desserts,Beth's Spicy Oatmeal Raisin Cookies,"['1/2 cup butter, softened', '1/2 cup butter flavored shortening', '1 cup packed light brown sugar', '1/2 cup white sugar', '2 eggs', '1 teaspoon vanilla extract', '1 1/2 cups all-purpose flour', '1 teaspoon baking soda', '1 teaspoon ground cinnamon', '1/2 teaspoon ground cloves', '1/2 teaspoon salt', '3 cups rolled oats', '1 cup raisins']"
53,Desserts,Chewy Chocolate Chip Oatmeal Cookies,"['1 cup butter, softened', '1 cup packed light brown sugar', '1/2 cup white sugar', '2 eggs', '2 teaspoons vanilla extract', '1 1/4 cups all-purpose flour', '1/2 teaspoon baking soda', '1 teaspoon salt', '3 cups quick-cooking oats', '1 cup chopped walnuts', '1 cup semisweet chocolate chips']"
54,Desserts,Brooke's Best Bombshell Brownies,"['1 cup butter, melted', '3 cups white sugar', '1 tablespoon vanilla extract', '4 eggs', '1 1/2 cups all-purpose flour', '1 cup unsweetened cocoa powder', '1 teaspoon salt', '1 cup semisweet chocolate chips']"
55,Desserts,Iced Pumpkin Cookies,"['2 1/2 cups all-purpose flour', '1 teaspoon baking powder', '1 teaspoon baking soda', '2 teaspoons ground cinnamon', '1/2 teaspoon ground nutmeg', '1/2 teaspoon ground cloves', '1/2 teaspoon salt', '1/2 cup butter, softened', '1 1/2 cups white sugar', '1 cup canned pumpkin puree', '1 egg', '1 teaspoon vanilla extract', ""2 cups confectioners' sugar"", '3 tablespoons milk', '1 tablespoon melted butter', '1 teaspoon vanilla extract']"
56,Desserts,Peanut Butter Cup Cookies,"['1 3/4 cups all-purpose flour', '1/2 teaspoon salt', '1 teaspoon baking soda', '1/2 cup butter, softened', '1/2 cup white sugar', '1/2 cup peanut butter', '1/2 cup packed brown sugar', '1 egg, beaten', '1 teaspoon vanilla extract', '2 tablespoons milk', '40 miniature chocolate covered peanut butter cups, unwrapped']"
57,Desserts,Soft Oatmeal Cookies,"['1 cup butter, softened', '1 cup white sugar', '1 cup packed brown sugar', '2 eggs', '1 teaspoon vanilla extract', '2 cups all-purpose flour', '1 teaspoon baking soda', '1 teaspoon salt', '1 1/2 teaspoons ground cinnamon', '3 cups quick cooking oats']"
0,Dinners,Baked Ziti IV,"['1 pound dry ziti pasta', '1 1/2 tablespoons olive oil', '1 onion, sliced', '1 teaspoon minced fresh rosemary', '4 cloves garlic, chopped', '1/2 pound ground beef', '1/2 pound ground pork sausage', '1 1/2 (26 ounce) jars spaghetti sauce', 'salt to taste', '1 (6 ounce) package provolone cheese, sliced', '3/4 cup sour cream', '3/4 cup cottage cheese', '1 (6 ounce) package mozzarella cheese, shredded', '2 tablespoons freshly grated Parmesan cheese']"
1,Dinners,Asian Beef with Snow Peas,"['3 tablespoons soy sauce', '2 tablespoons rice wine', '1 tablespoon brown sugar', '1/2 teaspoon cornstarch', '1 tablespoon vegetable oil', '1 tablespoon minced fresh ginger root', '1 tablespoon minced garlic', '1 pound beef round steak, cut into thin strips', '8 ounces snow peas']"
2,Dinners,Pasta Pomodoro,"['1 (16 ounce) package angel hair pasta', '1/4 cup olive oil', '1/2 onion, chopped', '4 cloves garlic, minced', '2 cups roma (plum) tomatoes, diced', '2 tablespoons balsamic vinegar', '1 (10.75 ounce) can low-sodium chicken broth', 'crushed red pepper to taste', 'freshly ground black pepper to taste', '2 tablespoons chopped fresh basil', '1/4 cup grated Parmesan cheese']"
3,Dinners,Fry Bread Tacos II,"['1 (15.5 ounce) can pinto beans, with liquid', '1/2 cup picante sauce, divided', '1 pound ground beef', '1 (1.25 ounce) package taco seasoning mix', '2 cups all-purpose flour, or more as needed', '1 tablespoon baking powder', '1 teaspoon salt', '1 cup milk', 'oil for frying', '2 cups shredded iceberg lettuce', '1 cup shredded Cheddar cheese']"
4,Dinners,Pork Marsala,"['1/3 cup all-purpose flour', '1/4 teaspoon salt', '1/4 teaspoon garlic salt', '3/4 teaspoon garlic powder', '1/2 teaspoon dried oregano', '1 pound boneless pork loin chops, pounded thin', '3 tablespoons butter', '1/4 cup olive oil', '2 cups sliced fresh mushrooms', '1 teaspoon minced garlic', '1 cup Marsala wine']"
5,Dinners,Grilled Chicken with Rosemary and Bacon,"['4 teaspoons garlic powder', '4 skinless, boneless chicken breast halves', 'salt and pepper to taste', '4 sprigs fresh rosemary', '4 thick slices bacon']"
6,Dinners,Beefy Baked Ravioli,"['1 pound ground beef', '1/2 (25 ounce) package frozen cheese ravioli', '1 (14 ounce) jar spaghetti sauce', '1 (14.5 ounce) can diced tomatoes, drained', '1 cup shredded mozzarella cheese', '1 cup shredded Monterey Jack cheese', '1 tablespoon grated Parmesan cheese']"
7,Dinners,Fresh Tomato Shrimp Pasta,"['8 ounces dry fettuccine pasta', '3 cloves garlic', '1/2 sweet onion, cut into wedges', '3 tablespoons fresh oregano leaves', '4 tablespoons olive oil', '4 medium tomatoes, chopped', '3 tablespoons chopped fresh basil', 'salt and pepper to taste', '1 cup spinach leaves', '1 pound cooked shrimp - peeled and deveined', '8 ounces fresh mozzarella cheese, diced']"
8,Dinners,Lemon Rosemary Salmon,"['1 lemon, thinly sliced', '4 sprigs fresh rosemary', '2 salmon fillets, bones and skin removed', 'coarse salt to taste', '1 tablespoon olive oil, or as needed']"
9,Dinners,World's Best Lasagna,"['1 pound sweet Italian sausage', '3/4 pound lean ground beef', '1/2 cup minced onion', '2 cloves garlic, crushed', '1 (28 ounce) can crushed tomatoes', '2 (6 ounce) cans tomato paste', '2 (6.5 ounce) cans canned tomato sauce', '1/2 cup water', '2 tablespoons white sugar', '1 1/2 teaspoons dried basil leaves', '1/2 teaspoon fennel seeds', '1 teaspoon Italian seasoning', '1 tablespoon salt', '1/4 teaspoon ground black pepper', '4 tablespoons chopped fresh parsley', '12 lasagna noodles', '16 ounces ricotta cheese', '1 egg', '1/2 teaspoon salt', '3/4 pound mozzarella cheese, sliced', '3/4 cup grated Parmesan cheese']"
10,Dinners,Broiled Tilapia Parmesan,"['1/2 cup Parmesan cheese', '1/4 cup butter, softened', '3 tablespoons mayonnaise', '2 tablespoons fresh lemon juice', '1/4 teaspoon dried basil', '1/4 teaspoon ground black pepper', '1/8 teaspoon onion powder', '1/8 teaspoon celery salt', '2 pounds tilapia fillets']"
11,Dinners,Awesome Slow Cooker Pot Roast,"['2 (10.75 ounce) cans condensed cream of mushroom soup', '1 (1 ounce) package dry onion soup mix', '1 1/4 cups water', '5 1/2 pounds pot roast']"
12,Dinners,Brown Sugar Meatloaf,"['1/2 cup packed brown sugar', '1/2 cup ketchup', '1 1/2 pounds lean ground beef', '3/4 cup milk', '2 eggs', '1 1/2 teaspoons salt', '1/4 teaspoon ground black pepper', '1 small onion, chopped', '1/4 teaspoon ground ginger', '3/4 cup finely crushed saltine cracker crumbs']"
13,Dinners,Baked Ziti I,"['1 pound dry ziti pasta', '1 onion, chopped', '1 pound lean ground beef', '2 (26 ounce) jars spaghetti sauce', '6 ounces provolone cheese, sliced', '1 1/2 cups sour cream', '6 ounces mozzarella cheese, shredded', '2 tablespoons grated Parmesan cheese']"
14,Dinners,Baked Teriyaki Chicken,"['1 tablespoon cornstarch', '1 tablespoon cold water', '1/2 cup white sugar', '1/2 cup soy sauce', '1/4 cup cider vinegar', '1 clove garlic, minced', '1/2 teaspoon ground ginger', '1/4 teaspoon ground black pepper', '12 skinless chicken thighs']"
15,Dinners,Sloppy Joes II,"['1 pound lean ground beef', '1/4 cup chopped onion', '1/4 cup chopped green bell pepper', '1/2 teaspoon garlic powder', '1 teaspoon prepared yellow mustard', '3/4 cup ketchup', '3 teaspoons brown sugar', 'salt to taste', 'ground black pepper to taste']"
16,Dinners,Chicken Cordon Bleu II,"['6 skinless, boneless chicken breast halves', '6 slices Swiss cheese', '6 slices ham', '3 tablespoons all-purpose flour', '1 teaspoon paprika', '6 tablespoons butter', '1/2 cup dry white wine', '1 teaspoon chicken bouillon granules', '1 tablespoon cornstarch', '1 cup heavy whipping cream']"
17,Dinners,Easy Meatloaf,"['1 1/2 pounds ground beef', '1 egg', '1 onion, chopped', '1 cup milk', '1 cup dried bread crumbs', 'salt and pepper to taste', '2 tablespoons brown sugar', '2 tablespoons prepared mustard', '1/3 cup ketchup']"
18,Dinners,Zesty Slow Cooker Chicken Barbecue,"['6 frozen skinless, boneless chicken breast halves', '1 (12 ounce) bottle barbeque sauce', '1/2 cup Italian salad dressing', '1/4 cup brown sugar', '2 tablespoons Worcestershire sauce']"
19,Dinners,Baked Pork Chops I,"['6 pork chops', '1 teaspoon garlic powder', '1 teaspoon seasoning salt', '2 egg, beaten', '1/4 cup all-purpose flour', '2 cups Italian-style seasoned bread crumbs', '4 tablespoons olive oil', '1 (10.75 ounce) can condensed cream of mushroom soup', '1/2 cup milk', '1/3 cup white wine']"
20,Dinners,Garlic Chicken,"['1/4 cup olive oil', '2 cloves garlic, crushed', '1/4 cup Italian-seasoned bread crumbs', '1/4 cup grated Parmesan cheese', '4 skinless, boneless chicken breast halves']"
21,Dinners,Chicken Marsala,"['1/4 cup all-purpose flour for coating', '1/2 teaspoon salt', '1/4 teaspoon ground black pepper', '1/2 teaspoon dried oregano', '4 skinless, boneless chicken breast halves - pounded 1/4 inch thick', '4 tablespoons butter', '4 tablespoons olive oil', '1 cup sliced mushrooms', '1/2 cup Marsala wine', '1/4 cup cooking sherry']"
22,Dinners,Maple Salmon,"['1/4 cup maple syrup', '2 tablespoons soy sauce', '1 clove garlic, minced', '1/4 teaspoon garlic salt', '1/8 teaspoon ground black pepper', '1 pound salmon']"
23,Dinners,Grilled Salmon I,"['1 1/2 pounds salmon fillets', 'lemon pepper to taste', 'garlic powder to taste', 'salt to taste', '1/3 cup soy sauce', '1/3 cup brown sugar', '1/3 cup water', '1/4 cup vegetable oil']"
24,Dinners,Slow Cooker Pulled Pork,"['1 (2 pound) pork tenderloin', '1 (12 fluid ounce) can or bottle root beer', '1 (18 ounce) bottle your favorite barbecue sauce', '8 hamburger buns, split and lightly toasted']"
25,Dinners,Salsa Chicken,"['4 skinless, boneless chicken breast halves', '4 teaspoons taco seasoning mix', '1 cup salsa', '1 cup shredded Cheddar cheese', '2 tablespoons sour cream (optional)']"
26,Dinners,Chicken Enchiladas II,"['1 tablespoon butter', '1/2 cup chopped green onions', '1/2 teaspoon garlic powder', '1 (4 ounce) can diced green chiles', '1 (10.75 ounce) can condensed cream of mushroom soup', '1/2 cup sour cream', '1 1/2 cups cubed cooked chicken breast meat', '1 cup shredded Cheddar cheese, divided', '6 (12 inch) flour tortillas', '1/4 cup milk']"
27,Dinners,Roast Sticky Chicken-Rotisserie Style,"['4 teaspoons salt', '2 teaspoons paprika', '1 teaspoon onion powder', '1 teaspoon dried thyme', '1 teaspoon white pepper', '1/2 teaspoon cayenne pepper', '1/2 teaspoon black pepper', '1/2 teaspoon garlic powder', '2 onions, quartered', '2 (4 pound) whole chickens']"
28,Dinners,Rosemary Ranch Chicken Kabobs,"['1/2 cup olive oil', '1/2 cup ranch dressing', '3 tablespoons Worcestershire sauce', '1 tablespoon minced fresh rosemary', '2 teaspoons salt', '1 teaspoon lemon juice', '1 teaspoon white vinegar', '1/4 teaspoon ground black pepper, or to taste', '1 tablespoon white sugar, or to taste (optional)', '5 skinless, boneless chicken breast halves - cut into 1 inch cubes']"
29,Dinners,Baked Ziti IV,"['1 pound dry ziti pasta', '1 1/2 tablespoons olive oil', '1 onion, sliced', '1 teaspoon minced fresh rosemary', '4 cloves garlic, chopped', '1/2 pound ground beef', '1/2 pound ground pork sausage', '1 1/2 (26 ounce) jars spaghetti sauce', 'salt to taste', '1 (6 ounce) package provolone cheese, sliced', '3/4 cup sour cream', '3/4 cup cottage cheese', '1 (6 ounce) package mozzarella cheese, shredded', '2 tablespoons freshly grated Parmesan cheese']"
30,Dinners,Asian Beef with Snow Peas,"['3 tablespoons soy sauce', '2 tablespoons rice wine', '1 tablespoon brown sugar', '1/2 teaspoon cornstarch', '1 tablespoon vegetable oil', '1 tablespoon minced fresh ginger root', '1 tablespoon minced garlic', '1 pound beef round steak, cut into thin strips', '8 ounces snow peas']"
31,Dinners,Pasta Pomodoro,"['1 (16 ounce) package angel hair pasta', '1/4 cup olive oil', '1/2 onion, chopped', '4 cloves garlic, minced', '2 cups roma (plum) tomatoes, diced', '2 tablespoons balsamic vinegar', '1 (10.75 ounce) can low-sodium chicken broth', 'crushed red pepper to taste', 'freshly ground black pepper to taste', '2 tablespoons chopped fresh basil', '1/4 cup grated Parmesan cheese']"
32,Dinners,Fry Bread Tacos II,"['1 (15.5 ounce) can pinto beans, with liquid', '1/2 cup picante sauce, divided', '1 pound ground beef', '1 (1.25 ounce) package taco seasoning mix', '2 cups all-purpose flour, or more as needed', '1 tablespoon baking powder', '1 teaspoon salt', '1 cup milk', 'oil for frying', '2 cups shredded iceberg lettuce', '1 cup shredded Cheddar cheese']"
33,Dinners,Pork Marsala,"['1/3 cup all-purpose flour', '1/4 teaspoon salt', '1/4 teaspoon garlic salt', '3/4 teaspoon garlic powder', '1/2 teaspoon dried oregano', '1 pound boneless pork loin chops, pounded thin', '3 tablespoons butter', '1/4 cup olive oil', '2 cups sliced fresh mushrooms', '1 teaspoon minced garlic', '1 cup Marsala wine']"
34,Dinners,Grilled Chicken with Rosemary and Bacon,"['4 teaspoons garlic powder', '4 skinless, boneless chicken breast halves', 'salt and pepper to taste', '4 sprigs fresh rosemary', '4 thick slices bacon']"
35,Dinners,Beefy Baked Ravioli,"['1 pound ground beef', '1/2 (25 ounce) package frozen cheese ravioli', '1 (14 ounce) jar spaghetti sauce', '1 (14.5 ounce) can diced tomatoes, drained', '1 cup shredded mozzarella cheese', '1 cup shredded Monterey Jack cheese', '1 tablespoon grated Parmesan cheese']"
36,Dinners,Fresh Tomato Shrimp Pasta,"['8 ounces dry fettuccine pasta', '3 cloves garlic', '1/2 sweet onion, cut into wedges', '3 tablespoons fresh oregano leaves', '4 tablespoons olive oil', '4 medium tomatoes, chopped', '3 tablespoons chopped fresh basil', 'salt and pepper to taste', '1 cup spinach leaves', '1 pound cooked shrimp - peeled and deveined', '8 ounces fresh mozzarella cheese, diced']"
37,Dinners,Lemon Rosemary Salmon,"['1 lemon, thinly sliced', '4 sprigs fresh rosemary', '2 salmon fillets, bones and skin removed', 'coarse salt to taste', '1 tablespoon olive oil, or as needed']"
38,Dinners,World's Best Lasagna,"['1 pound sweet Italian sausage', '3/4 pound lean ground beef', '1/2 cup minced onion', '2 cloves garlic, crushed', '1 (28 ounce) can crushed tomatoes', '2 (6 ounce) cans tomato paste', '2 (6.5 ounce) cans canned tomato sauce', '1/2 cup water', '2 tablespoons white sugar', '1 1/2 teaspoons dried basil leaves', '1/2 teaspoon fennel seeds', '1 teaspoon Italian seasoning', '1 tablespoon salt', '1/4 teaspoon ground black pepper', '4 tablespoons chopped fresh parsley', '12 lasagna noodles', '16 ounces ricotta cheese', '1 egg', '1/2 teaspoon salt', '3/4 pound mozzarella cheese, sliced', '3/4 cup grated Parmesan cheese']"
39,Dinners,Broiled Tilapia Parmesan,"['1/2 cup Parmesan cheese', '1/4 cup butter, softened', '3 tablespoons mayonnaise', '2 tablespoons fresh lemon juice', '1/4 teaspoon dried basil', '1/4 teaspoon ground black pepper', '1/8 teaspoon onion powder', '1/8 teaspoon celery salt', '2 pounds tilapia fillets']"
40,Dinners,Awesome Slow Cooker Pot Roast,"['2 (10.75 ounce) cans condensed cream of mushroom soup', '1 (1 ounce) package dry onion soup mix', '1 1/4 cups water', '5 1/2 pounds pot roast']"
41,Dinners,Brown Sugar Meatloaf,"['1/2 cup packed brown sugar', '1/2 cup ketchup', '1 1/2 pounds lean ground beef', '3/4 cup milk', '2 eggs', '1 1/2 teaspoons salt', '1/4 teaspoon ground black pepper', '1 small onion, chopped', '1/4 teaspoon ground ginger', '3/4 cup finely crushed saltine cracker crumbs']"
42,Dinners,Baked Ziti I,"['1 pound dry ziti pasta', '1 onion, chopped', '1 pound lean ground beef', '2 (26 ounce) jars spaghetti sauce', '6 ounces provolone cheese, sliced', '1 1/2 cups sour cream', '6 ounces mozzarella cheese, shredded', '2 tablespoons grated Parmesan cheese']"
43,Dinners,Baked Teriyaki Chicken,"['1 tablespoon cornstarch', '1 tablespoon cold water', '1/2 cup white sugar', '1/2 cup soy sauce', '1/4 cup cider vinegar', '1 clove garlic, minced', '1/2 teaspoon ground ginger', '1/4 teaspoon ground black pepper', '12 skinless chicken thighs']"
44,Dinners,Sloppy Joes II,"['1 pound lean ground beef', '1/4 cup chopped onion', '1/4 cup chopped green bell pepper', '1/2 teaspoon garlic powder', '1 teaspoon prepared yellow mustard', '3/4 cup ketchup', '3 teaspoons brown sugar', 'salt to taste', 'ground black pepper to taste']"
45,Dinners,Chicken Cordon Bleu II,"['6 skinless, boneless chicken breast halves', '6 slices Swiss cheese', '6 slices ham', '3 tablespoons all-purpose flour', '1 teaspoon paprika', '6 tablespoons butter', '1/2 cup dry white wine', '1 teaspoon chicken bouillon granules', '1 tablespoon cornstarch', '1 cup heavy whipping cream']"
46,Dinners,Easy Meatloaf,"['1 1/2 pounds ground beef', '1 egg', '1 onion, chopped', '1 cup milk', '1 cup dried bread crumbs', 'salt and pepper to taste', '2 tablespoons brown sugar', '2 tablespoons prepared mustard', '1/3 cup ketchup']"
47,Dinners,Zesty Slow Cooker Chicken Barbecue,"['6 frozen skinless, boneless chicken breast halves', '1 (12 ounce) bottle barbeque sauce', '1/2 cup Italian salad dressing', '1/4 cup brown sugar', '2 tablespoons Worcestershire sauce']"
48,Dinners,Baked Pork Chops I,"['6 pork chops', '1 teaspoon garlic powder', '1 teaspoon seasoning salt', '2 egg, beaten', '1/4 cup all-purpose flour', '2 cups Italian-style seasoned bread crumbs', '4 tablespoons olive oil', '1 (10.75 ounce) can condensed cream of mushroom soup', '1/2 cup milk', '1/3 cup white wine']"
49,Dinners,Garlic Chicken,"['1/4 cup olive oil', '2 cloves garlic, crushed', '1/4 cup Italian-seasoned bread crumbs', '1/4 cup grated Parmesan cheese', '4 skinless, boneless chicken breast halves']"
50,Dinners,Chicken Marsala,"['1/4 cup all-purpose flour for coating', '1/2 teaspoon salt', '1/4 teaspoon ground black pepper', '1/2 teaspoon dried oregano', '4 skinless, boneless chicken breast halves - pounded 1/4 inch thick', '4 tablespoons butter', '4 tablespoons olive oil', '1 cup sliced mushrooms', '1/2 cup Marsala wine', '1/4 cup cooking sherry']"
51,Dinners,Maple Salmon,"['1/4 cup maple syrup', '2 tablespoons soy sauce', '1 clove garlic, minced', '1/4 teaspoon garlic salt', '1/8 teaspoon ground black pepper', '1 pound salmon']"
52,Dinners,Grilled Salmon I,"['1 1/2 pounds salmon fillets', 'lemon pepper to taste', 'garlic powder to taste', 'salt to taste', '1/3 cup soy sauce', '1/3 cup brown sugar', '1/3 cup water', '1/4 cup vegetable oil']"
53,Dinners,Slow Cooker Pulled Pork,"['1 (2 pound) pork tenderloin', '1 (12 fluid ounce) can or bottle root beer', '1 (18 ounce) bottle your favorite barbecue sauce', '8 hamburger buns, split and lightly toasted']"
54,Dinners,Salsa Chicken,"['4 skinless, boneless chicken breast halves', '4 teaspoons taco seasoning mix', '1 cup salsa', '1 cup shredded Cheddar cheese', '2 tablespoons sour cream (optional)']"
55,Dinners,Chicken Enchiladas II,"['1 tablespoon butter', '1/2 cup chopped green onions', '1/2 teaspoon garlic powder', '1 (4 ounce) can diced green chiles', '1 (10.75 ounce) can condensed cream of mushroom soup', '1/2 cup sour cream', '1 1/2 cups cubed cooked chicken breast meat', '1 cup shredded Cheddar cheese, divided', '6 (12 inch) flour tortillas', '1/4 cup milk']"
56,Dinners,Roast Sticky Chicken-Rotisserie Style,"['4 teaspoons salt', '2 teaspoons paprika', '1 teaspoon onion powder', '1 teaspoon dried thyme', '1 teaspoon white pepper', '1/2 teaspoon cayenne pepper', '1/2 teaspoon black pepper', '1/2 teaspoon garlic powder', '2 onions, quartered', '2 (4 pound) whole chickens']"
57,Dinners,Rosemary Ranch Chicken Kabobs,"['1/2 cup olive oil', '1/2 cup ranch dressing', '3 tablespoons Worcestershire sauce', '1 tablespoon minced fresh rosemary', '2 teaspoons salt', '1 teaspoon lemon juice', '1 teaspoon white vinegar', '1/4 teaspoon ground black pepper, or to taste', '1 tablespoon white sugar, or to taste (optional)', '5 skinless, boneless chicken breast halves - cut into 1 inch cubes']"
0,Lunch,Mayo-Free Potato Salad  ,"['9 large red potatoes', '2 dill pickles, chopped', '2 green onions, chopped', '2 stalks celery, chopped', '3 tablespoons chopped fresh cilantro', '2 tablespoons dill pickle juice', '2 teaspoons dried dill weed', '1 teaspoon paprika', '1/4 teaspoon kosher salt, or to taste', '1/4 teaspoon ground black pepper', '1/2 cup olive oil', '1/4 cup red wine vinegar', '1 tablespoon Dijon mustard', '1/4 teaspoon paprika, for garnish (optional)']"
1,Lunch,Virgina's Tuna Salad,"['1 egg', '1 (5 ounce) can tuna, drained and flaked', '3 tablespoons mayonnaise', '2 stalks celery, chopped', '2 tablespoons sweet pickle relish', '1 pinch ground black pepper']"
2,Lunch,Spicy Grilled Cheese Sandwich,"['2 tablespoons butter or margarine', '4 slices white bread', '2 slices American cheese', '1 roma (plum) tomato, thinly sliced', '1/4 small onion, chopped', '1 jalapeno pepper, chopped']"
3,Lunch,Chicago-Inspired Italian Beef Sandwich ,"['1 1/2 pounds boneless beef chuck, cut into 2-inch pieces', 'salt and ground black pepper to taste', '1 tablespoon vegetable oil', '6 cloves garlic, sliced', '2 tablespoons white vinegar', '1 tablespoon dried oregano', '1 1/2 teaspoons salt, or to taste', '1 teaspoon dried thyme', '1 teaspoon dried rosemary', '1 teaspoon freshly ground black pepper', '1 bay leaf', '1/4 teaspoon red pepper flakes, or to taste', '3 cups chicken broth, or as needed', '4 ciabatta rolls, sliced in half', '1 cup chopped giardiniera (pickled Italian vegetables)', '2 teaspoons chopped fresh flat-leaf parsley']"
4,Lunch,Basic Italian Bean Soup,"['olive oil', '1 large onion, diced', '2 cloves garlic, or more to taste', '2 cups tomato sauce', '24 ounces prepared cannellini beans', '1 tablespoon dried basil', '1/2 teaspoon oregano', 'salt and ground black pepper to taste']"
5,Lunch,Cobb Salad,"['6 slices bacon', '3 eggs', '1 head iceberg lettuce, shredded', '3 cups chopped, cooked chicken meat', '2 tomatoes, seeded and chopped', '3/4 cup blue cheese, crumbled', '1 avocado - peeled, pitted and diced', '3 green onions, chopped', '1 (8 ounce) bottle Ranch-style salad dressing']"
6,Lunch,Banh Mi,"['1/2 cup rice vinegar', '1/4 cup water', '1/4 cup white sugar', '1/4 cup carrot, cut into 1/16-inch-thick matchsticks', '1/4 cup white (daikon) radish, cut into 1/16-inch-thick matchsticks', '1/4 cup thinly sliced white onion', '1 skinless, boneless chicken breast half', 'garlic salt to taste', 'ground black pepper to taste', '1 (12 inch) French baguette', '4 tablespoons mayonnaise', '1/4 cup thinly sliced cucumber', '1 tablespoon fresh cilantro leaves', '1 small jalapeno pepper - seeded and cut into 1/16-inch-thick matchsticks', '1 wedge lime']"
7,Lunch,Grilled Chicken Salad Sandwich,"['1 cup mayonnaise', '1/8 teaspoon ground black pepper', '1/8 teaspoon garlic powder', '1/8 teaspoon celery salt', '4 cups chopped leftover grilled chicken', '2 celery stalks, sliced', '1/2 cup sweetened dried cranberries', '2/3 cup salted cashews', '8 slices bread, toasted', '4 tablespoons mayonnaise', '4 large red leaf lettuce leaves', '1 ripe tomato, sliced']"
8,Lunch,Vegetarian Chickpea Sandwich Filling,"['1 (19 ounce) can garbanzo beans, drained and rinsed', '1 stalk celery, chopped', '1/2 onion, chopped', '1 tablespoon mayonnaise', '1 tablespoon lemon juice', '1 teaspoon dried dill weed', 'salt and pepper to taste']"
9,Lunch,Sweet Restaurant Slaw,"['1 (16 ounce) bag coleslaw mix', '2 tablespoons diced onion', '2/3 cup creamy salad dressing (such as Miracle Whip(TM))', '3 tablespoons vegetable oil', '1/2 cup white sugar', '1 tablespoon white vinegar', '1/4 teaspoon salt', '1/2 teaspoon poppy seeds']"
10,Lunch,Super-Delicious Zuppa Toscana,"['1 pound bulk mild Italian sausage', '1 1/4 teaspoons crushed red pepper flakes', '4 slices bacon, cut into 1/2 inch pieces', '1 large onion, diced', '1 tablespoon minced garlic', '5 (13.75 ounce) cans chicken broth', '6 potatoes, thinly sliced', '1 cup heavy cream', '1/4 bunch fresh spinach, tough stems removed']"
11,Lunch,Barbie's Tuna Salad,"['1 (7 ounce) can white tuna, drained and flaked', '6 tablespoons mayonnaise or salad dressing', '1 tablespoon Parmesan cheese', '3 tablespoons sweet pickle relish', '1/8 teaspoon dried minced onion flakes', '1/4 teaspoon curry powder', '1 tablespoon dried parsley', '1 teaspoon dried dill weed', '1 pinch garlic powder']"
12,Lunch,Black Bean and Corn Quesadillas,"['2 teaspoons olive oil', '3 tablespoons finely chopped onion', '1 (15.5 ounce) can black beans, drained and rinsed', '1 (10 ounce) can whole kernel corn, drained', '1 tablespoon brown sugar', '1/4 cup salsa', '1/4 teaspoon red pepper flakes', '2 tablespoons butter, divided', '8 (8 inch) flour tortillas', '1 1/2 cups shredded Monterey Jack cheese, divided']"
13,Lunch,Holiday Chicken Salad,"['4 cups cubed, cooked chicken meat', '1 cup mayonnaise', '1 teaspoon paprika', '1 1/2 cups dried cranberries', '1 cup chopped celery', '2 green onions, chopped', '1/2 cup minced green bell pepper', '1 cup chopped pecans', '1 teaspoon seasoning salt', 'ground black pepper to taste']"
14,Lunch,Best Cream Of Broccoli Soup,"['2 tablespoons butter', '1 onion, chopped', '1 stalk celery, chopped', '3 cups chicken broth', '8 cups broccoli florets', '3 tablespoons butter', '3 tablespoons all-purpose flour', '2 cups milk', 'ground black pepper to taste']"
15,Lunch,Black Bean and Couscous Salad,"['1 cup uncooked couscous', '1 1/4 cups chicken broth', '3 tablespoons extra virgin olive oil', '2 tablespoons fresh lime juice', '1 teaspoon red wine vinegar', '1/2 teaspoon ground cumin', '8 green onions, chopped', '1 red bell pepper, seeded and chopped', '1/4 cup chopped fresh cilantro', '1 cup frozen corn kernels, thawed', '2 (15 ounce) cans black beans, drained', 'salt and pepper to taste']"
16,Lunch,Amish Macaroni Salad,"['2 cups uncooked elbow macaroni', '3 hard-cooked eggs, chopped', '1 small onion, chopped', '3 stalks celery, chopped', '1 small red bell pepper, seeded and chopped', '2 tablespoons dill pickle relish', '2 cups creamy salad dressing (e.g. Miracle Whip)', '3 tablespoons prepared yellow mustard', '3/4 cup white sugar', '2 1/4 teaspoons white vinegar', '1/4 teaspoon salt', '3/4 teaspoon celery seed']"
17,Lunch,Authentic German Potato Salad,"['3 cups diced peeled potatoes', '4 slices bacon', '1 small onion, diced', '1/4 cup white vinegar', '2 tablespoons water', '3 tablespoons white sugar', '1 teaspoon salt', '1/8 teaspoon ground black pepper', '1 tablespoon chopped fresh parsley']"
18,Lunch,Zesty Quinoa Salad,"['1 cup quinoa', '2 cups water', '1/4 cup extra-virgin olive oil', '2 limes, juiced', '2 teaspoons ground cumin', '1 teaspoon salt', '1/2 teaspoon red pepper flakes, or more to taste', '1 1/2 cups halved cherry tomatoes', '1 (15 ounce) can black beans, drained and rinsed', '5 green onions, finely chopped', '1/4 cup chopped fresh cilantro', 'salt and ground black pepper to taste']"
19,Lunch,The Best Chicken Fried Steak,"['4 (1/2 pound) beef cube steaks', '2 cups all-purpose flour', '2 teaspoons baking powder', '1 teaspoon baking soda', '1 teaspoon black pepper', '3/4 teaspoon salt', '1 1/2 cups buttermilk', '1 egg', '1 tablespoon hot pepper sauce (e.g. Tabasco(TM))', '2 cloves garlic, minced', '3 cups vegetable shortening for deep frying', '1/4 cup all-purpose flour', '4 cups milk', 'kosher salt and ground black pepper to taste']"
20,Lunch,Grilled Fish Tacos with Chipotle-Lime Dressing,"['1/4 cup extra virgin olive oil', '2 tablespoons distilled white vinegar', '2 tablespoons fresh lime juice', '2 teaspoons lime zest', '1 1/2 teaspoons honey', '2 cloves garlic, minced', '1/2 teaspoon cumin', '1/2 teaspoon chili powder', '1 teaspoon seafood seasoning, such as Old Bay(TM)', '1/2 teaspoon ground black pepper', '1 teaspoon hot pepper sauce, or to taste', '1 pound tilapia fillets, cut into chunks', '1 (8 ounce) container light sour cream', '1/2 cup adobo sauce from chipotle peppers', '2 tablespoons fresh lime juice', '2 teaspoons lime zest', '1/4 teaspoon cumin', '1/4 teaspoon chili powder', '1/2 teaspoon seafood seasoning, such as Old Bay(TM)', 'salt and pepper to taste', '1 (10 ounce) package tortillas', '3 ripe tomatoes, seeded and diced', '1 bunch cilantro, chopped', '1 small head cabbage, cored and shredded', '2 limes, cut in wedges']"
21,Lunch,Quinoa Black Bean Burgers,"['1 (15 ounce) can black beans, rinsed and drained', '1/4 cup quinoa', '1/2 cup water', '1/2 cup bread crumbs', '1/4 cup minced yellow bell pepper', '2 tablespoons minced onion', '1 large clove garlic, minced', '1 1/2 teaspoons ground cumin', '1/2 teaspoon salt', ""1 teaspoon hot pepper sauce (such as Frank's RedHot(R))"", '1 egg', '3 tablespoons olive oil']"
22,Lunch,Philly Cheesesteak Sandwich with Garlic Mayo,"['1 cup mayonnaise', '2 cloves garlic, minced', '1 tablespoon olive oil', '1 pound beef round steak, cut into thin strips', '2 green bell peppers, cut into 1/4 inch strips', '2 onions, sliced into rings', 'salt and pepper to taste', '4 hoagie rolls, split lengthwise and toasted', '1 (8 ounce) package shredded mozzarella cheese', '1 teaspoon dried oregano']"
23,Lunch,Fruity Curry Chicken Salad,"['4 skinless, boneless chicken breast halves - cooked and diced', '1 stalk celery, diced', '4 green onions, chopped', '1 Golden Delicious apple - peeled, cored and diced', '1/3 cup golden raisins', '1/3 cup seedless green grapes, halved', '1/2 cup chopped toasted pecans', '1/8 teaspoon ground black pepper', '1/2 teaspoon curry powder', '3/4 cup light mayonnaise']"
24,Lunch,Beaker's Vegetable Barley Soup,"['2 quarts vegetable broth', '1 cup uncooked barley', '2 large carrots, chopped', '2 stalks celery, chopped', '1 (14.5 ounce) can diced tomatoes with juice', '1 zucchini, chopped', '1 (15 ounce) can garbanzo beans, drained', '1 onion, chopped', '3 bay leaves', '1 teaspoon garlic powder', '1 teaspoon white sugar', '1 teaspoon salt', '1/2 teaspoon ground black pepper', '1 teaspoon dried parsley', '1 teaspoon curry powder', '1 teaspoon paprika', '1 teaspoon Worcestershire sauce']"
25,Lunch,Becky's Chicken Salad,"['2 1/2 cups diced and chilled, cooked chicken meat', '1 cup chopped celery', '1 cup sliced, seedless grapes', '1/2 cup sliced almonds', '2 tablespoons chopped fresh parsley', '1 teaspoon salt', '1 cup mayonnaise', '1/4 cup heavy whipping cream']"
26,Lunch,Slow Cooked Corned Beef for Sandwiches,"['2 (3 pound) corned beef briskets with spice packets', '2 (12 fluid ounce) bottles beer', '2 bay leaves', '1/4 cup peppercorns', '1 bulb garlic cloves, separated and peeled']"
27,Lunch,World's Best Potato Salad,"['6 medium potatoes', '1 small onion, finely chopped', '1 cup celery, chopped', '1 teaspoon salt', '6 hard-cooked eggs, diced', '2 eggs, beaten', '1/2 cup white sugar', '1 teaspoon cornstarch', 'salt to taste', '1/2 cup vinegar', '1 (5 ounce) can evaporated milk', '1 teaspoon prepared yellow mustard', '1/4 cup butter', '1 cup mayonnaise']"
28,Lunch,Mayo-Free Potato Salad  ,"['9 large red potatoes', '2 dill pickles, chopped', '2 green onions, chopped', '2 stalks celery, chopped', '3 tablespoons chopped fresh cilantro', '2 tablespoons dill pickle juice', '2 teaspoons dried dill weed', '1 teaspoon paprika', '1/4 teaspoon kosher salt, or to taste', '1/4 teaspoon ground black pepper', '1/2 cup olive oil', '1/4 cup red wine vinegar', '1 tablespoon Dijon mustard', '1/4 teaspoon paprika, for garnish (optional)']"
29,Lunch,Virgina's Tuna Salad,"['1 egg', '1 (5 ounce) can tuna, drained and flaked', '3 tablespoons mayonnaise', '2 stalks celery, chopped', '2 tablespoons sweet pickle relish', '1 pinch ground black pepper']"
30,Lunch,Spicy Grilled Cheese Sandwich,"['2 tablespoons butter or margarine', '4 slices white bread', '2 slices American cheese', '1 roma (plum) tomato, thinly sliced', '1/4 small onion, chopped', '1 jalapeno pepper, chopped']"
31,Lunch,Chicago-Inspired Italian Beef Sandwich ,"['1 1/2 pounds boneless beef chuck, cut into 2-inch pieces', 'salt and ground black pepper to taste', '1 tablespoon vegetable oil', '6 cloves garlic, sliced', '2 tablespoons white vinegar', '1 tablespoon dried oregano', '1 1/2 teaspoons salt, or to taste', '1 teaspoon dried thyme', '1 teaspoon dried rosemary', '1 teaspoon freshly ground black pepper', '1 bay leaf', '1/4 teaspoon red pepper flakes, or to taste', '3 cups chicken broth, or as needed', '4 ciabatta rolls, sliced in half', '1 cup chopped giardiniera (pickled Italian vegetables)', '2 teaspoons chopped fresh flat-leaf parsley']"
32,Lunch,Basic Italian Bean Soup,"['olive oil', '1 large onion, diced', '2 cloves garlic, or more to taste', '2 cups tomato sauce', '24 ounces prepared cannellini beans', '1 tablespoon dried basil', '1/2 teaspoon oregano', 'salt and ground black pepper to taste']"
33,Lunch,Cobb Salad,"['6 slices bacon', '3 eggs', '1 head iceberg lettuce, shredded', '3 cups chopped, cooked chicken meat', '2 tomatoes, seeded and chopped', '3/4 cup blue cheese, crumbled', '1 avocado - peeled, pitted and diced', '3 green onions, chopped', '1 (8 ounce) bottle Ranch-style salad dressing']"
34,Lunch,Banh Mi,"['1/2 cup rice vinegar', '1/4 cup water', '1/4 cup white sugar', '1/4 cup carrot, cut into 1/16-inch-thick matchsticks', '1/4 cup white (daikon) radish, cut into 1/16-inch-thick matchsticks', '1/4 cup thinly sliced white onion', '1 skinless, boneless chicken breast half', 'garlic salt to taste', 'ground black pepper to taste', '1 (12 inch) French baguette', '4 tablespoons mayonnaise', '1/4 cup thinly sliced cucumber', '1 tablespoon fresh cilantro leaves', '1 small jalapeno pepper - seeded and cut into 1/16-inch-thick matchsticks', '1 wedge lime']"
35,Lunch,Grilled Chicken Salad Sandwich,"['1 cup mayonnaise', '1/8 teaspoon ground black pepper', '1/8 teaspoon garlic powder', '1/8 teaspoon celery salt', '4 cups chopped leftover grilled chicken', '2 celery stalks, sliced', '1/2 cup sweetened dried cranberries', '2/3 cup salted cashews', '8 slices bread, toasted', '4 tablespoons mayonnaise', '4 large red leaf lettuce leaves', '1 ripe tomato, sliced']"
36,Lunch,Vegetarian Chickpea Sandwich Filling,"['1 (19 ounce) can garbanzo beans, drained and rinsed', '1 stalk celery, chopped', '1/2 onion, chopped', '1 tablespoon mayonnaise', '1 tablespoon lemon juice', '1 teaspoon dried dill weed', 'salt and pepper to taste']"
37,Lunch,Sweet Restaurant Slaw,"['1 (16 ounce) bag coleslaw mix', '2 tablespoons diced onion', '2/3 cup creamy salad dressing (such as Miracle Whip(TM))', '3 tablespoons vegetable oil', '1/2 cup white sugar', '1 tablespoon white vinegar', '1/4 teaspoon salt', '1/2 teaspoon poppy seeds']"
38,Lunch,Super-Delicious Zuppa Toscana,"['1 pound bulk mild Italian sausage', '1 1/4 teaspoons crushed red pepper flakes', '4 slices bacon, cut into 1/2 inch pieces', '1 large onion, diced', '1 tablespoon minced garlic', '5 (13.75 ounce) cans chicken broth', '6 potatoes, thinly sliced', '1 cup heavy cream', '1/4 bunch fresh spinach, tough stems removed']"
39,Lunch,Barbie's Tuna Salad,"['1 (7 ounce) can white tuna, drained and flaked', '6 tablespoons mayonnaise or salad dressing', '1 tablespoon Parmesan cheese', '3 tablespoons sweet pickle relish', '1/8 teaspoon dried minced onion flakes', '1/4 teaspoon curry powder', '1 tablespoon dried parsley', '1 teaspoon dried dill weed', '1 pinch garlic powder']"
40,Lunch,Black Bean and Corn Quesadillas,"['2 teaspoons olive oil', '3 tablespoons finely chopped onion', '1 (15.5 ounce) can black beans, drained and rinsed', '1 (10 ounce) can whole kernel corn, drained', '1 tablespoon brown sugar', '1/4 cup salsa', '1/4 teaspoon red pepper flakes', '2 tablespoons butter, divided', '8 (8 inch) flour tortillas', '1 1/2 cups shredded Monterey Jack cheese, divided']"
41,Lunch,Holiday Chicken Salad,"['4 cups cubed, cooked chicken meat', '1 cup mayonnaise', '1 teaspoon paprika', '1 1/2 cups dried cranberries', '1 cup chopped celery', '2 green onions, chopped', '1/2 cup minced green bell pepper', '1 cup chopped pecans', '1 teaspoon seasoning salt', 'ground black pepper to taste']"
42,Lunch,Best Cream Of Broccoli Soup,"['2 tablespoons butter', '1 onion, chopped', '1 stalk celery, chopped', '3 cups chicken broth', '8 cups broccoli florets', '3 tablespoons butter', '3 tablespoons all-purpose flour', '2 cups milk', 'ground black pepper to taste']"
43,Lunch,Black Bean and Couscous Salad,"['1 cup uncooked couscous', '1 1/4 cups chicken broth', '3 tablespoons extra virgin olive oil', '2 tablespoons fresh lime juice', '1 teaspoon red wine vinegar', '1/2 teaspoon ground cumin', '8 green onions, chopped', '1 red bell pepper, seeded and chopped', '1/4 cup chopped fresh cilantro', '1 cup frozen corn kernels, thawed', '2 (15 ounce) cans black beans, drained', 'salt and pepper to taste']"
44,Lunch,Amish Macaroni Salad,"['2 cups uncooked elbow macaroni', '3 hard-cooked eggs, chopped', '1 small onion, chopped', '3 stalks celery, chopped', '1 small red bell pepper, seeded and chopped', '2 tablespoons dill pickle relish', '2 cups creamy salad dressing (e.g. Miracle Whip)', '3 tablespoons prepared yellow mustard', '3/4 cup white sugar', '2 1/4 teaspoons white vinegar', '1/4 teaspoon salt', '3/4 teaspoon celery seed']"
45,Lunch,Authentic German Potato Salad,"['3 cups diced peeled potatoes', '4 slices bacon', '1 small onion, diced', '1/4 cup white vinegar', '2 tablespoons water', '3 tablespoons white sugar', '1 teaspoon salt', '1/8 teaspoon ground black pepper', '1 tablespoon chopped fresh parsley']"
46,Lunch,Zesty Quinoa Salad,"['1 cup quinoa', '2 cups water', '1/4 cup extra-virgin olive oil', '2 limes, juiced', '2 teaspoons ground cumin', '1 teaspoon salt', '1/2 teaspoon red pepper flakes, or more to taste', '1 1/2 cups halved cherry tomatoes', '1 (15 ounce) can black beans, drained and rinsed', '5 green onions, finely chopped', '1/4 cup chopped fresh cilantro', 'salt and ground black pepper to taste']"
47,Lunch,The Best Chicken Fried Steak,"['4 (1/2 pound) beef cube steaks', '2 cups all-purpose flour', '2 teaspoons baking powder', '1 teaspoon baking soda', '1 teaspoon black pepper', '3/4 teaspoon salt', '1 1/2 cups buttermilk', '1 egg', '1 tablespoon hot pepper sauce (e.g. Tabasco(TM))', '2 cloves garlic, minced', '3 cups vegetable shortening for deep frying', '1/4 cup all-purpose flour', '4 cups milk', 'kosher salt and ground black pepper to taste']"
48,Lunch,Grilled Fish Tacos with Chipotle-Lime Dressing,"['1/4 cup extra virgin olive oil', '2 tablespoons distilled white vinegar', '2 tablespoons fresh lime juice', '2 teaspoons lime zest', '1 1/2 teaspoons honey', '2 cloves garlic, minced', '1/2 teaspoon cumin', '1/2 teaspoon chili powder', '1 teaspoon seafood seasoning, such as Old Bay(TM)', '1/2 teaspoon ground black pepper', '1 teaspoon hot pepper sauce, or to taste', '1 pound tilapia fillets, cut into chunks', '1 (8 ounce) container light sour cream', '1/2 cup adobo sauce from chipotle peppers', '2 tablespoons fresh lime juice', '2 teaspoons lime zest', '1/4 teaspoon cumin', '1/4 teaspoon chili powder', '1/2 teaspoon seafood seasoning, such as Old Bay(TM)', 'salt and pepper to taste', '1 (10 ounce) package tortillas', '3 ripe tomatoes, seeded and diced', '1 bunch cilantro, chopped', '1 small head cabbage, cored and shredded', '2 limes, cut in wedges']"
49,Lunch,Quinoa Black Bean Burgers,"['1 (15 ounce) can black beans, rinsed and drained', '1/4 cup quinoa', '1/2 cup water', '1/2 cup bread crumbs', '1/4 cup minced yellow bell pepper', '2 tablespoons minced onion', '1 large clove garlic, minced', '1 1/2 teaspoons ground cumin', '1/2 teaspoon salt', ""1 teaspoon hot pepper sauce (such as Frank's RedHot(R))"", '1 egg', '3 tablespoons olive oil']"
50,Lunch,Philly Cheesesteak Sandwich with Garlic Mayo,"['1 cup mayonnaise', '2 cloves garlic, minced', '1 tablespoon olive oil', '1 pound beef round steak, cut into thin strips', '2 green bell peppers, cut into 1/4 inch strips', '2 onions, sliced into rings', 'salt and pepper to taste', '4 hoagie rolls, split lengthwise and toasted', '1 (8 ounce) package shredded mozzarella cheese', '1 teaspoon dried oregano']"
51,Lunch,Fruity Curry Chicken Salad,"['4 skinless, boneless chicken breast halves - cooked and diced', '1 stalk celery, diced', '4 green onions, chopped', '1 Golden Delicious apple - peeled, cored and diced', '1/3 cup golden raisins', '1/3 cup seedless green grapes, halved', '1/2 cup chopped toasted pecans', '1/8 teaspoon ground black pepper', '1/2 teaspoon curry powder', '3/4 cup light mayonnaise']"
52,Lunch,Beaker's Vegetable Barley Soup,"['2 quarts vegetable broth', '1 cup uncooked barley', '2 large carrots, chopped', '2 stalks celery, chopped', '1 (14.5 ounce) can diced tomatoes with juice', '1 zucchini, chopped', '1 (15 ounce) can garbanzo beans, drained', '1 onion, chopped', '3 bay leaves', '1 teaspoon garlic powder', '1 teaspoon white sugar', '1 teaspoon salt', '1/2 teaspoon ground black pepper', '1 teaspoon dried parsley', '1 teaspoon curry powder', '1 teaspoon paprika', '1 teaspoon Worcestershire sauce']"
53,Lunch,Becky's Chicken Salad,"['2 1/2 cups diced and chilled, cooked chicken meat', '1 cup chopped celery', '1 cup sliced, seedless grapes', '1/2 cup sliced almonds', '2 tablespoons chopped fresh parsley', '1 teaspoon salt', '1 cup mayonnaise', '1/4 cup heavy whipping cream']"
54,Lunch,Slow Cooked Corned Beef for Sandwiches,"['2 (3 pound) corned beef briskets with spice packets', '2 (12 fluid ounce) bottles beer', '2 bay leaves', '1/4 cup peppercorns', '1 bulb garlic cloves, separated and peeled']"
55,Lunch,World's Best Potato Salad,"['6 medium potatoes', '1 small onion, finely chopped', '1 cup celery, chopped', '1 teaspoon salt', '6 hard-cooked eggs, diced', '2 eggs, beaten', '1/2 cup white sugar', '1 teaspoon cornstarch', 'salt to taste', '1/2 cup vinegar', '1 (5 ounce) can evaporated milk', '1 teaspoon prepared yellow mustard', '1/4 cup butter', '1 cup mayonnaise']"
