,type,subtype,name,ingredients
0,Lunch,Bowl Recipes,Ramen Bowl,"['8 cups water', '8 cloves garlic, peeled and whole', '8 slices fresh ginger root', '1/2 medium onion, halved and separated', '4 eggs', '1 pinch salt and freshly ground black pepper to taste (optional)', '1/2 cup soy sauce', '1/4 cup sake', '2 tablespoons Thai-style chile sauce', '2 teaspoons sesame oil', '2 tablespoons white sugar', '1 1/2 teaspoons salt', '15 ounces dried Japanese-style noodles', '12 large shrimp, shelled and deveined, at room temperature', '4 large dry sea scallops, halved, at room temperature', '1 1/2 cups fresh bean sprouts', '1/2 cup sliced scallions']"
1,Lunch,Bowl Recipes,Do-It-Yourself Salmon Poke Bowls,"['4 cups cooked rice', '4 tablespoons soy sauce', '4 teaspoons rice vinegar', '4 teaspoons sesame oil', '1/4 teaspoon chile oil (optional)', '3/4 pound sashimi-grade salmon, cut into small cubes', '1 avocado, sliced, or to taste', '1 red bell pepper, sliced, or more to taste', '1/4 cup shelled edamame, or more to taste', '4 sheets dried seaweed, cut into strips, or to taste', '1 tablespoon pickled ginger, or to taste', '1 tablespoon furikake (Japanese nori seasoning), or to taste', '2 tablespoons chopped green onion, or to taste', '1 tablespoon sesame seeds, or to taste']"
2,Lunch,Bowl Recipes,Lemon Chicken and Snow Pea Noodle Bowls ,"['1 1/2 pounds boneless chicken breast', '2 teaspoons ground coriander', '1 (16 ounce) package angel hair pasta', '2 tablespoons extra-virgin olive oil', '2 cups chicken broth, divided', '2 cups snow peas, trimmed', '1 tablespoon lemon juice', 'salt and ground black pepper to taste', '1/2 cup chopped scallions']"
3,Lunch,Bowl Recipes,Gyudon Japanese Beef Bowl ,"['1 large white onion', '1 teaspoon vegetable oil', '1/2 cup water', '2 tablespoons soy sauce', '1 tablespoon brown sugar', '1 tablespoon mirin', '1 tablespoon sake', '1/2 pound beef ribeye steak, thinly sliced', '1 tablespoon sesame seeds, or to taste (optional)', '2 green onions, thinly sliced, or to taste (optional)', '2 teaspoons pickled ginger (beni shoga), or to taste (optional)', '1 sheet dried seaweed, cut into strips, or to taste (optional)']"
4,Lunch,Bowl Recipes,Vegan Quinoa and Guac Bowl,"['1 (15 ounce) can pinto beans, rinsed and drained', '2 1/2 cups water', '2 cups quinoa', '1/2 teaspoon kosher salt', '1 tablespoon olive oil', '1 red bell pepper, sliced', '1 yellow bell pepper, sliced', '1/2 teaspoon ground black pepper', '4 cups lettuce leaves', '1 cup vegan shredded cheese blend', '1 avocado - peeled, pitted, and sliced', '1/4 cup vegan sour cream']"
5,Lunch,Bowl Recipes,Asian Steak and Noodle Bowl,"['1/2 cup low-sodium soy sauce', '1/3 cup vegetable oil', '1/3 cup brown sugar', '1 tablespoon minced ginger', '1/2 teaspoon garlic powder', '2 pounds flank steak', '1 (10 ounce) package dried Japanese udon noodles', '6 ounces snow peas', '1 cup broccoli florets', '1 tablespoon mirin (Japanese sweet wine)']"
6,Lunch,Bowl Recipes,"Grain Bowl with Blackened Shrimp, Avocado, and Black Beans","['1 1/8 cups water', ""1/2 cup dirty rice mix (such as Zatarain's(R) Dirty Brown Rice)"", '1 pound large shrimp, peeled and deveined', '1 tablespoon chili powder', '2 teaspoons paprika', '1 1/2 teaspoons cumin', '1 teaspoon onion powder', '1 teaspoon salt', '1/4 teaspoon ground black pepper', '2 tablespoons olive oil', '1 (15 ounce) can corn, drained', '1 red bell pepper, diced', '1/4 cup chopped fresh cilantro', '1 lime, juiced', '1 tablespoon olive oil', '1 avocado', '1/4 cup chopped fresh cilantro', '1/4 cup plain Greek yogurt (such as Chobani(R))', '1 clove garlic', '3 tablespoons olive oil', '1/2 teaspoon salt', '1/4 teaspoon ground black pepper', '1 (15 ounce) can black beans, drained', '1 avocado, sliced', '1 lime, cut into wedges']"
7,Lunch,Bowl Recipes,Brown Rice Buddha Bowl,"['3 cups water', '1 cup long-grain brown rice', '1/2 teaspoon salt', '1 lime, juiced', '2 tablespoons olive oil', '1 tablespoon sesame oil', '1 tablespoon dried Thai basil', '1 teaspoon minced hot chile pepper', '2 tablespoons sesame seeds', '1/2 (8 ounce) package snow peas', '1 cup cooked chickpeas, drained', '1/2 (16 ounce) package firm tofu, cut into strips', '16 baby corn, cut into bite-sized pieces', '1 cup grated carrots', '1 small green bell pepper, diced', '2 green onions, cut on the diagonal', '2 tablespoons chopped fresh cilantro']"
8,Lunch,Bowl Recipes,Make-Ahead Sausage and Veggie Bowls,"['nonstick cooking spray', '3 tablespoons olive oil, divided', '1 1/4 cups uncooked brown rice', '2 1/2 cups water', '1/2 teaspoon salt', '5 Italian turkey sausage links', '1 large red onion, cut into 1-inch pieces', '1 pound Brussels sprouts, trimmed and halved', '1 teaspoon garlic powder', '1/2 teaspoon salt', '1/2 teaspoon ground black pepper', '1 orange bell pepper, cut into 1-inch pieces', '5 (3-cup) storage containers', '1/4 cup grated Parmesan cheese, or to taste']"
9,Lunch,Bowl Recipes,Vermicelli Noodle Bowl,"['1/4 cup white vinegar', '1/4 cup fish sauce', '2 tablespoons white sugar', '2 tablespoons lime juice', '1 clove garlic, minced', '1/4 teaspoon red pepper flakes', '1/2 teaspoon canola oil', '2 tablespoons chopped shallots', '2 skewers', '8 medium shrimp, with shells', '1 (8 ounce) package rice vermicelli noodles', '1 cup finely chopped lettuce', '1 cup bean sprouts', '1 English cucumber, cut into 2-inch matchsticks', '1/4 cup finely chopped pickled carrots', '1/4 cup finely chopped diakon radish', '3 tablespoons chopped cilantro', '3 tablespoons finely chopped Thai basil', '3 tablespoons chopped fresh mint', '1/4 cup crushed peanuts']"
10,Lunch,Bowl Recipes,Baja-Style Chicken Bowl,"['2 teaspoons olive oil', '4 ounces diced cooked chicken', '1/2 cup frozen corn', '1 red bell pepper, sliced', 'salt and ground black pepper to taste', '1 cup cooked brown rice', '1/2 cup salsa', '1/4 cup shredded Monterey Jack cheese']"
11,Lunch,Bowl Recipes,"Low-Carb ""Tacos""","['1 1/2 pounds ground beef', '1 onion, diced', '1/2 (4 ounce) can diced jalapeno peppers', '1 (1 ounce) package taco seasoning mix', '2 cups shredded lettuce', '1 tomato, chopped', '1/2 cup shredded reduced-fat Cheddar cheese', '1/4 cup salsa', '1/4 cup low-fat sour cream', '1 avocado - peeled, pitted, and sliced']"
12,Lunch,Bowl Recipes,Pad Thai Quinoa Bowl,"['4 cups low-sodium chicken broth', '2 cups quinoa, rinsed and drained', '1 tablespoon coconut oil, divided', '1 large boneless, skinless chicken breast, cut into thin strips', '3/4 cup shredded cabbage', '1/2 cup edamame', '1/4 cup diced broccoli stems', '2 carrots, cut into matchsticks', '2 green onions, chopped', '3 eggs', '1 teaspoon sesame oil', '1/4 cup natural peanut butter', '1/4 cup reduced-sodium soy sauce', '3 tablespoons rice vinegar', '2 tablespoons chili garlic sauce', '2 tablespoons chopped fresh ginger', '3 cloves garlic, minced', '1 teaspoon sesame oil', '1/2 cup salted peanuts, chopped', '3 tablespoons chopped fresh cilantro']"
13,Lunch,Bowl Recipes,Grilled Shrimp Rice Noodle Bowl,"['8 large fresh shrimp, peeled and deveined', '3 tablespoons olive oil', '3 cloves garlic', '1/2 cup fresh mint', '1/4 cup chopped fresh cilantro', '3 tablespoons fish sauce', '2 tablespoons honey', '1 lime, juiced', '1/4 teaspoon ground white pepper', '2 tablespoons fresh ginger root, minced', '3/4 cup shredded cabbage', '1 (6.75 ounce) package dried rice noodles']"
14,Lunch,Bowl Recipes,Buddha Bowl,"['3 cups chicken broth', '1 1/2 cups quinoa', '1 large sweet potato, diced', '1 large red onion, diced', '1/4 cup olive oil, divided', 'kosher salt to taste', 'freshly ground black pepper to taste', '3 cloves garlic, minced, divided', '1 tablespoon minced fresh ginger root', '1 pound skinless, boneless chicken breast halves', '1/4 cup lime juice', '2 tablespoons smooth peanut butter', '1 tablespoon soy sauce', '1 tablespoon honey', '1 tablespoon sesame oil', '2 cups baby spinach', '1 avocado - peeled, pitted, and thinly sliced', '1 tablespoon chopped fresh cilantro', '1 teaspoon toasted sesame seeds']"
15,Lunch,Bowl Recipes,Indonesian Pork Noodle Bowl,"['8 ounces vermicelli or angel hair pasta', '2 tablespoons olive oil, divided', '1 Smithfield(R) Garlic & Herb Seasoned Pork Loin Filet, cut into 1/4-inch thick strips', '1/2 teaspoon minced garlic', '1/2 teaspoon crushed red pepper flakes', '3 cups coarsely shredded cabbage', '2 cups chopped celery', '3 green onions, sliced', '1/3 cup soy sauce']"
16,Lunch,Bowl Recipes,Asian Shrimp Rice Bowl,"['1/3 cup soy sauce', '1/4 cup hoisin sauce', '2 tablespoons honey', '1 tablespoon chile paste', '2 tablespoons orange marmalade', '1/2 pound cooked shrimp', '2 cups uncooked jasmine rice', '3 cups water', '2 tablespoons olive oil', '1 orange bell pepper, cut into 1/2-inch dice', '1 red bell pepper, cut into 1/2-inch dice', '2 cups sugar snap peas', '1 sweet onion, cut into 1/2-inch dice', '4 cloves garlic, minced', '2 teaspoons minced fresh ginger root', '1/4 teaspoon sesame oil', '1 1/2 teaspoons sesame seeds']"
17,Lunch,Bowl Recipes,Lemon-Parmesan Chicken and Rice Bowl,"['1 cup rice', '5 tablespoons vegetable oil, divided', '2 cups hot water', '1 (8 ounce) package frozen broccoli', 'salt and ground black pepper to taste', '2 pounds skinless, boneless chicken breast, cut into 1-inch cubes', '1 1/2 teaspoons garlic powder', '1 1/2 teaspoons onion powder', '1 large onion, diced', '1 lemon, zested and juiced', '1/2 cup grated Parmesan cheese']"
18,Lunch,Bowl Recipes,Fried Chicken Bowl,"['vegetable oil for frying', '4 pieces frozen, breaded pre-cooked chicken strips', '2 cups prepared mashed potatoes', '6 ounces shredded Cheddar cheese', '1 (14 ounce) can whole kernel corn, drained']"
19,Lunch,Bowl Recipes,Ethiopian Vegetable Bowl,"['1/4 cup vegetable oil', '1/2 teaspoon ground ginger', '1/2 teaspoon ground turmeric', '1/2 teaspoon ground black pepper', '1 teaspoon ground cloves', '1 teaspoon fenugreek seeds', '1 head garlic, minced', '1 teaspoon salt', '3 large onions, chopped', '4 large carrots, cubed', '4 large potatoes, cubed', '1/4 head cabbage, chopped', '2 cups tomato puree', '2 cups water', 'salt and pepper to taste']"
20,Lunch,Bowl Recipes,Hiyashi Chuka Noodles,"['3 tablespoons soy sauce', '2 tablespoons white sugar', '3 tablespoons white vinegar', '5 tablespoons chicken stock', '1 teaspoon sesame oil', '1/2 teaspoon chili oil (optional)', '2 (3 ounce) packages ramen noodles', '1 egg, beaten', '1/2 cucumber, julienned', '1 carrot, grated', '1 slice cooked ham, cut into thin strips', '1/4 sheet nori, cut into thin slices', '1 tablespoon hot Chinese mustard (optional)']"
21,Lunch,Bowl Recipes,Quick Oyakodon,"['1 cup uncooked short-grain white rice', '2 cups water', '1 cup chicken stock', '1/4 cup soy sauce', '2 tablespoons brown sugar', '1/2 onion, thinly sliced', '1/2 cup shiitake mushrooms, thinly sliced', '1 skinless, boneless chicken breast half - cut into strips', '4 green onions, cut into 1-inch pieces', '2 eggs, beaten', '6 snow peas, thinly sliced']"
22,Lunch,Bowl Recipes,Spicy Chicken Noodles,"['1 large carrot, finely sliced or shredded', '2 cups shredded green cabbage', '1 red bell pepper, thinly sliced', '2 jalapeno pepper, seeded and minced', '1/2 cup chopped green onions', '3 cloves garlic, finely crushed', '1/2 cup chicken broth', '1/4 cup seasoned rice vinegar', '1 tablespoon hoisin sauce', '1 tablespoon soy sauce, plus more to taste', '1 tablespoon ketchup', '1 tablespoon brown sugar', '1 tablespoon sriracha hot sauce, or more to taste', '1 teaspoon red pepper flakes', '1 (8 ounce) package dried rice noodles', '1 pinch salt', '8 ounces cooked chicken breast, torn into bite-size pieces', '1 tablespoon sesame oil', '1 tablespoon vegetable oil', '1/2 cup freshly chopped cilantro']"
23,Lunch,Bowl Recipes,Orange-Chicken Rice Bowl,"['2 tablespoons Asian-style toasted sesame salad dressing', '1 pound skinless, boneless chicken breast halves - cut into 1 1/2 inch pieces', '1/4 cup orange juice', '2 tablespoons Asian-style toasted sesame salad dressing', '1 red bell pepper, cut into 1 inch chunks', '1 zucchini, cut into 1 inch chunks', '2 cups broccoli florets', '2 green onions, cut into 1/2-inch pieces']"
24,Lunch,Bowl Recipes,Asian Noodle Bowl,"['1 pound bison skirt steak or bison ribeye steak', '2 tablespoons soy sauce', '1 (14.5 ounce) can beef broth', '2 cups water', '6 ounces vermicelli rice noodles or angel hair pasta', '3/4 cup purchased peanut sauce', '2 cups bite-size broccoli florets', '2 medium carrots, cut into thin bite-size strips', '1/4 cup chopped peanuts', '2 sliced green onions', '2 tablespoons chopped fresh cilantro (optional)', 'Asian chili sauce (Sriracha sauce) (optional)', 'Soy sauce (optional)']"
25,Lunch,Bowl Recipes,Sausage Egg Roll in Bowl,"['1 pound ground pork sausage', '6 cups coleslaw mix', '2 carrots, peeled and grated', '1/4 cup chopped green onions', '4 cloves garlic, minced', '1 tablespoon low-sodium soy sauce', '1 tablespoon sesame oil', '2 tablespoons shelled sunflower seeds (optional)', '1 tablespoon grated ginger root']"
26,Lunch,Bowl Recipes,T's Smoky Noodle Bowl,"['4 cups chicken broth', '1 (14 ounce) can coconut milk', '2 ears corn, kernels cut for the cob', '1/4 cup soy sauce', '2 tablespoons fried garlic chile oil', '1 tablespoon smoked paprika', '1 tablespoon sriracha hot sauce', '1 tablespoon honey', '4 cloves garlic, grated', '1 cube chicken bouillon', '1 teaspoon red pepper flakes', '1 teaspoon cracked black pepper', '1/2 teaspoon seasoned salt', '3 ounces fresh udon noodles, or more to taste', '1 pound shrimp']"
27,Lunch,Bowl Recipes,Curried Quinoa Veggie Bowl,"['2 tablespoons coconut oil, melted', '1 tablespoon garam masala or curry powder', '1 teaspoon ground cumin', '1/2 teaspoon salt', '1 large head cauliflower, separated into florets', '1 tablespoon coconut oil', '1 clove garlic', '1/2 cup chopped onion', '1 cup quinoa', '2 cups Silk(R) Unsweetened Coconutmilk', '1 1/2 teaspoons curry powder', '1/2 teaspoon salt', '1 cup fresh or frozen peas', 'Toasted coconut flakes, for garnish']"
28,Lunch,Bowl Recipes,Easy Keto Korean Beef with Cauli Rice,"['2 teaspoons sesame oil', '1 pound lean ground beef', '3 cloves garlic, minced', '1/4 cup soy sauce', '1 tablespoon coconut sugar', '1/4 teaspoon ground ginger', '1/4 teaspoon ground black pepper', '2 cups cauliflower rice', '2 tablespoons chopped green onions', '1 tablespoon sesame seeds']"
29,Lunch,Bowl Recipes,Easy Korean Ground Beef Bowl,"['1 pound lean ground beef', '5 cloves garlic, crushed', '1 tablespoon freshly grated ginger', '2 teaspoons toasted sesame oil', '1/2 cup reduced-sodium soy sauce', '1/3 cup light brown sugar', '1/4 teaspoon crushed red pepper', '6 green onions, chopped, divided', '4 cups hot cooked brown rice', '1 tablespoon toasted sesame seeds']"
30,Lunch,Bowl Recipes,Skillet Burrito Bowl,"['1 tablespoon vegetable oil', '1 pound ground beef', '1 tablespoon fajita seasoning', '1 (15 ounce) can pinto beans, drained and rinsed', '1 (8 ounce) jar salsa', '1 cup cooked brown rice', '1/2 cup shredded Mexican cheese blend']"
31,Lunch,Bowl Recipes,The West Seattle Sweet Potato and Kale Bowl,"['1 1/4 cups water', '1 pinch salt', '1/4 cup pearl barley', '3 sweet potatoes, peeled and cubed', '2 tablespoons olive oil', '1/4 teaspoon Cajun seasoning', '2 (15.25 ounce) cans black beans, rinsed and drained', '1/4 cup coconut milk', '1 tablespoon canola oil', '1 bunch kale, stems removed and discarded, leaves torn into bite-size pieces']"
32,Lunch,Bowl Recipes,Spicy Tofu Salad Bowl,"['3 green onions, chopped', '2 tablespoons soy sauce', '2 tablespoons toasted sesame seeds', '1 1/2 teaspoons Korean chile pepper powder, or to taste', '1 teaspoon white sugar', '1/2 teaspoon toasted Asian sesame oil', '1 1/2 cups steamed Japanese rice', '1/2 head of romaine lettuce (heart only), torn into bite-size pieces', '1/2 cucumber - peeled, seeded, and chopped', '1 (12 ounce) package tofu, sliced']"
33,Lunch,Bowl Recipes,"Spicy Tahini Sauce with Kale, Sea Vegetables, and Soba Noodles","['3/4 cup tahini', '3 tablespoons rice vinegar', '2 tablespoons soy sauce', '2 tablespoons olive oil', '1/2 teaspoon chile-garlic sauce (such as Sriracha(R))', '1/2 teaspoon ground turmeric', '2 tablespoons water, or more as needed', '1 (1.76 ounce) packet arame seaweed', '1 (8 ounce) package dried soba noodles', '1 tablespoon olive oil', '2 cloves garlic, minced', '2 tablespoons minced fresh ginger, or to taste', '1 bunch kale, torn into bite-sized pieces']"
34,Lunch,Bowl Recipes,Thai Curry Noodle Bowl,"['1 tablespoon peanut oil', '2 cloves garlic, minced', '1 (32 ounce) carton Swanson(R) Thai Ginger Flavor Infused Broth', '1 large carrot, peeled and cut into 2-inch matchstick thin strips', '1 (8 ounce) package wide rice noodles, prepared according to package directions', '3 tablespoons sliced green onions', '1/3 cup chopped fresh cilantro leaves', '3 tablespoons chopped dry-roasted, salted peanuts', '6 wedges lime']"
35,Lunch,Bowl Recipes,Carrie's Pad Thai Salad,"['1 (12 ounce) package dried rice noodles', '1/2 cup white sugar', '1/4 cup water', '1/2 lime, juiced', '2 tablespoons soy sauce', '2 tablespoons fish sauce', '1 teaspoon tamarind concentrate', '1/4 cup peanut oil', '1 clove garlic, minced', '4 eggs', '1 tablespoon paprika', '1/4 teaspoon chili powder, or to taste (optional)', '1 head lettuce, chopped, or as needed', '2 tablespoons flaxseed oil', '1/2 cup fresh bean sprouts, or to taste (optional)', '1/2 cup chopped green onion', '1/2 cup chopped fresh cilantro', '1/2 cup chopped peanuts', '1/2 lime, cut into wedges']"
36,Lunch,Bowl Recipes,Naked Chicken Burrito Bowl ,"['2 skinless, boneless chicken breasts', '1/2 teaspoon garlic powder, or to taste', 'salt and ground black pepper to taste', '1 (15.25 ounce) can white corn kernels, drained', '1 (15 ounce) can black beans, drained', '1 1/2 cups cooked long-grain white rice', '1/2 cup shredded Monterey Jack cheese', '3/4 cup chopped lettuce', '1/3 (8 ounce) jar salsa', '1/2 cup sour cream']"
37,Lunch,Bowl Recipes,Quinoa Bowl,"['1 tablespoon extra-virgin olive oil, or as needed', '3 sweet potatoes, cut into 1/2-inch pieces, or more to taste', 'salt to taste', '1 large yellow onion, chopped', '1 clove garlic, chopped', '1 cup asparagus, or more to taste', '4 cups water', '2 cups quinoa', '1 cup cashews']"
38,Lunch,Bowl Recipes,Healthy Big Bowl,"['7 red potatoes, scrubbed and quartered', 'salt', '1/2 cup milk', '2 tablespoons butter', '2 cloves garlic, minced', '2 tablespoons olive oil', '2 links smoked beef sausage (such as Eckrich(R)), sliced into 1-inch pieces', '1 bunch asparagus, stemmed and chopped', '2 cups frozen sweet white corn', '2 cups chopped broccoli florets', '3 cups beef broth', '3 tablespoons all-purpose flour, or more as needed', 'ground black pepper']"
39,Lunch,Bowl Recipes,Kristy's Le Tofu Orange,"['1 (14 ounce) package baked firm tofu, cut into 1-inch cubes', '2 tablespoons olive oil, or as needed, divided', ""12 ounces riced cauliflower (such as Trader Joe's(R))"", '2 onions, chopped', '3 scallions, chopped', '2 cloves garlic, minced', '2 green bell peppers, chopped', '2 tablespoons water', '1 tablespoon orange liqueur (such as Grand Marnier(R))', '1 tablespoon soy sauce', '2 red chile peppers, shredded', '1 pinch salt']"
40,Lunch,Bowl Recipes,Thai Coconut Chicken Soup (Noodle Bowl),"['1 (8 ounce) package dried Thai rice noodles', '6 cups chicken broth', '2 stalks lemongrass', '1 boneless, skinless chicken breast', '1 cup sliced cremini mushrooms', '1 fresh red chile pepper, minced, or more to taste', '1 (14 ounce) can coconut milk', '2 tablespoons grated ginger', '2 tablespoons fish sauce (optional)', '1 tablespoon minced garlic', '2 tablespoons lime juice', '1 pinch white sugar, or to taste (optional)', '1 lime, cut into wedges', '3 green onions, sliced', '1 small bunch fresh basil leaves, chopped']"
41,Lunch,Bowl Recipes,Asian Steak and Noodle Bowl,"['1/2 cup low-sodium soy sauce', '1/3 cup vegetable oil', '1/3 cup brown sugar', '1 tablespoon minced ginger', '1/2 teaspoon garlic powder', '2 pounds flank steak', '1 (10 ounce) package dried Japanese udon noodles', '6 ounces snow peas', '1 cup broccoli florets', '1 tablespoon mirin (Japanese sweet wine)']"
42,Lunch,Bowl Recipes,Crunchy Lemon Quinoa and Asparagus Bowl,"['1 pound fresh asparagus, trimmed', '2 teaspoons coconut oil', '1/2 onion, diced', '2 cloves garlic, minced', '1 cup cooked red quinoa', '1/2 cup low-sodium vegetable stock', '1 tablespoon ground turmeric', '1/2 cup nutritional yeast', '1/2 large lemon, juiced']"
43,Lunch,Bowl Recipes,North African Beef and Brown Rice,"['1/2 pound beef round steak, diced', '1/2 small onion, finely diced', '1 tablespoon tomato-chicken bouillon granules (such as Knorr(R))', '3 cloves garlic, minced', '1 cup water', '1 tablespoon beef stock concentrate', '1/3 pound carrots, cut into 1/2-inch dice', '3/4 pound sweet potatoes, cut into 1/2-inch dice', '1 1/2 cups water', '3/4 cup finely shredded cabbage', '2 cinnamon sticks', '1 1/2 teaspoons smoked paprika', '1/2 teaspoon ground cumin', '1/2 teaspoon ground black pepper', '1/2 teaspoon ground coriander', '5 black cardamom seeds', '1 cup brown rice']"
44,Lunch,Bowl Recipes,Broccoli Cauliflower Chickpea Bowl,"['1/2 cup cashews', '4 cups broccoli florets', '4 cups cauliflower florets', '1/2 teaspoon garlic powder', 'salt and ground black pepper to taste', '1 (15 ounce) can chickpeas (garbanzo beans), drained and rinsed', '2 tablespoons lemon juice', '1 tablespoon tahini', '1/2 teaspoon salt']"
45,Lunch,Bowl Recipes,One-Skillet Chicken Burrito Bowls,"['3 tablespoons olive oil, divided', '1/4 cup diced onion', '1 pound boneless, skinless chicken breasts, cut into bite-size pieces', '1 (5.4 ounce) package Knorr(R) Fiesta Sides(TM) - Mexican Rice', '1 (15 ounce) can reduced-sodium black beans, rinsed and drained', '1 cup shredded Monterey Jack cheese', '1/2 cup pico de gallo']"
46,Lunch,Bowl Recipes,Shortcut Beef Noodle Bowl,"['1 (16 ounce) package linguine pasta', '3 cups broccoli florets', '3 carrots, peeled and sliced', '2 teaspoons vegetable oil', '1 pound beef sirloin steak, cut into strips', '1 1/2 cups Asian toasted sesame dressing (such as Kraft(R))', '1/4 cup teriyaki sauce']"
47,Lunch,Bowl Recipes,Sweet Thai-Style Chicken Bowl,"['3 cups water', '1 1/2 cups jasmine rice', '1 teaspoon salt', '3 skinless, boneless chicken breast halves', '1/2 cup soy sauce', '1 tablespoon water, or as desired', '1 (14 ounce) can coconut milk', '1 cup white sugar', '2 tablespoons curry powder', '1 mango - peeled, seeded, and diced', '2 cups clover sprouts, or to taste', '1 cup finely chopped cashews', '1 bunch fresh cilantro, finely chopped', '4 green onions, chopped']"
48,Lunch,Bowl Recipes,Japanese-Style Crispy Fried Pork Bowl (Tonkatsu Donburi),"['2/3 cup prepared dashi stock', '2 teaspoons white sugar', '2 teaspoons mirin (Japanese sweet wine)', '2 teaspoons soy sauce', '1/2 teaspoon salt', '1 tablespoon vegetable oil', '1 small onion, chopped', '2 (3 ounce) fried breaded pork chops, sliced into long strips', '2 eggs, beaten', '1 1/2 cups cooked short-grain rice']"
49,Lunch,Bowl Recipes,Gyudon Japanese Beef Bowl ,"['1 large white onion', '1 teaspoon vegetable oil', '1/2 cup water', '2 tablespoons soy sauce', '1 tablespoon brown sugar', '1 tablespoon mirin', '1 tablespoon sake', '1/2 pound beef ribeye steak, thinly sliced', '1 tablespoon sesame seeds, or to taste (optional)', '2 green onions, thinly sliced, or to taste (optional)', '2 teaspoons pickled ginger (beni shoga), or to taste (optional)', '1 sheet dried seaweed, cut into strips, or to taste (optional)']"
50,Lunch,Bowl Recipes,Sweet and Savory Ramen Noodles,"['2 cups water', '1 (3 ounce) package ramen noodles (such as Maruchan(R) Instant Lunch), seasoning packet discarded', '1/4 cup maple syrup', '1 teaspoon ground cumin', '1 teaspoon garlic powder', '1 teaspoon Italian seasoning', '1 teaspoon ground paprika']"
51,Lunch,Bowl Recipes,Brown Rice Buddha Bowl,"['3 cups water', '1 cup long-grain brown rice', '1/2 teaspoon salt', '1 lime, juiced', '2 tablespoons olive oil', '1 tablespoon sesame oil', '1 tablespoon dried Thai basil', '1 teaspoon minced hot chile pepper', '2 tablespoons sesame seeds', '1/2 (8 ounce) package snow peas', '1 cup cooked chickpeas, drained', '1/2 (16 ounce) package firm tofu, cut into strips', '16 baby corn, cut into bite-sized pieces', '1 cup grated carrots', '1 small green bell pepper, diced', '2 green onions, cut on the diagonal', '2 tablespoons chopped fresh cilantro']"
52,Lunch,Bowl Recipes,Khitchari,"['4 cups water', '1/2 cup basmati rice', '1/2 cup split mung beans', '1 teaspoon grated fresh ginger, or more to taste', '1 teaspoon ground coriander', '1 teaspoon dried oregano leaves', '1 clove garlic, minced', '1/2 teaspoon ground cumin', '1/4 teaspoon fennel seeds']"
53,Lunch,Bowl Recipes,Superfast Asian Noodle Bowl for 1,"['2 cups water', '1/2 jalapeno pepper, very thinly sliced', '1 (3 ounce) package chicken-flavored ramen noodles', '2 mushrooms, thinly sliced', '3 wedges lime, juiced', '1 green onion, sliced', '1 tablespoon cilantro leaves', '1/4 teaspoon garlic chile paste', '1/8 teaspoon sesame oil']"
54,Lunch,Bowl Recipes,Weeknight Noodle Bowl,"['1 pound spaghetti', '4 cups water', '1/2 pound cooked chicken breast, chopped', '1 (1 ounce) package onion soup mix', '1 tablespoon chile-garlic sauce', '3 cloves garlic, minced', '1/4 teaspoon ground ginger', '3 cups broccoli florets']"
55,Lunch,Bowl Recipes,"Coconut Lime Rice Bowl with Roasted Corn, Jalapenos, and Chicken","['1 teaspoon coconut oil', ""1 1/2 cups UNCLE BEN'S(R) Basmati Rice - cooks in 10 minutes"", '2 (13.5 ounce) cans light coconut milk', '2 limes, zested and juiced', 'salt to taste', '4 corn or flour tortillas', 'nonstick cooking spray', '2 jalapeno chile peppers', '1 (15.25 ounce) can whole kernel corn, well drained', '1 tablespoon canola oil, divided', '8 ounces skinless, boneless chicken breasts, cut into bite-size pieces', '2 tablespoons chili powder', '1 tablespoon ground cumin', '1 cup canned black beans, drained', '1 cup chopped fresh tomatoes', '1 avocado - peeled, pitted and diced (optional)', '4 tablespoons sour cream']"
56,Lunch,Bowl Recipes,Dogs 'n' Beans Rice Bowl,"['4 beef or turkey hot dogs, sliced into 1-inch pieces', ""1 (16 ounce) can baked beans (such as Bush's Original(R))"", ""2 (8.8 ounce) packages UNCLE BEN'S(R) Ready Rice - Whole Grain Brown"", '1 cup frozen green petite peas, thawed', '1/2 cup shredded Cheddar cheese, plus more for topping if desired']"
57,Lunch,Bowl Recipes,Turkey and Spinach Rice Bowl,"['2 cups cooked turkey, diced', '4 1/2 teaspoons soy sauce, divided', ""1 1/2 cups UNCLE BEN'S(R) ORIGINAL CONVERTED(R) Brand Rice"", '1/2 teaspoon salt, divided', '3 cups chicken broth, divided', '1 cup water', '4 cups baby spinach, torn into bite-size pieces', '1 bunch green onions, chopped', '1 tablespoon toasted sesame oil', '1 tablespoon toasted sesame seeds (optional)']"
58,Lunch,Bowl Recipes,Cao Lau (Vietnamese Noodle Bowl),"['2 tablespoons soy sauce', '4 cloves garlic, minced, or more to taste', '2 teaspoons Chinese five-spice powder', '2 teaspoons white sugar', '1 teaspoon paprika', '1/4 teaspoon chicken bouillon granules', '1 1/2 pounds pork tenderloin, cut into cubes', '2 tablespoons vegetable oil', '2 tablespoons water', '2 pounds fresh thick Vietnamese-style rice noodles', '2 cups bean sprouts', '1 cup torn lettuce leaves', '1 bunch green onions, chopped', '1/4 cup fresh basil leaves', '1/4 cup fresh cilantro leaves', '1/4 cup crispy chow mein noodles, or more to taste']"
59,Lunch,Bowl Recipes,Sesame Kale Glow Bowl,"['2 cups water', '1 cup quinoa', '1 tablespoon coconut oil', '1/2 red onion, chopped', '3 cups torn kale leaves', '2 cups broccoli florets', '4 ounces tempeh, crumbled', '1 clove garlic, minced', '2 tablespoons sesame seeds', '2 tablespoons water', '2 tablespoons tamari', '1 lime, juiced', '1 1/2 teaspoons Dijon mustard', '1 teaspoon minced fresh ginger', '1/2 teaspoon ground black pepper', '1 pinch red pepper flakes (optional)']"
60,Lunch,Bowl Recipes,Mexican Vegetable Rice Bowl,"['4 teaspoons liquid amino acid (such as Bragg(R)), divided', '1/4 teaspoon onion powder', '1 large zucchini, diced small', '2 large kale leaves, cut into 1-inch squares', '1/2 (14 ounce) can coconut milk', '1/2 cup raw macadamia nuts', '1/4 cup raw cashews', '1/4 cup nutritional yeast', '2 teaspoons chili powder', '1 pinch cayenne pepper, or to taste', '1 pinch red pepper flakes, or to taste', '1 teaspoon vegetable oil', '1 cup hot cooked brown rice']"
61,Lunch,Bowl Recipes,Vegan Quinoa and Guac Bowl,"['1 (15 ounce) can pinto beans, rinsed and drained', '2 1/2 cups water', '2 cups quinoa', '1/2 teaspoon kosher salt', '1 tablespoon olive oil', '1 red bell pepper, sliced', '1 yellow bell pepper, sliced', '1/2 teaspoon ground black pepper', '4 cups lettuce leaves', '1 cup vegan shredded cheese blend', '1 avocado - peeled, pitted, and sliced', '1/4 cup vegan sour cream']"
62,Lunch,Bowl Recipes,Beef and Broccoli Noodle Bowl,"['1 (8 ounce) package penne pasta', '3 cups broccoli florets', '12 ounces boneless beef chuck, partially frozen', '1 tablespoon olive oil', '1 onion, cut into 1/2-inch slices', '2 cloves garlic, minced', '1 tablespoon all-purpose flour', '1/4 teaspoon salt', '1/4 teaspoon ground black pepper', '1 (14 ounce) can beef broth', '1/4 cup tomato paste', '1 teaspoon Dijon mustard']"
63,Lunch,Bowl Recipes,Noodle Bowls,"['1 (8 ounce) package dried cellophane (glass) noodles', '1 cup peanuts', '1 head heart of romaine lettuce, shredded', '1 cucumber, cut into matchsticks', '2 carrots, cut into matchsticks', '1 cup mung bean sprouts', '1 cup cilantro leaves, chopped', '1 cup fresh mint leaves, slivered', '1/2 cup chopped green onions', '1/2 cup soy sauce, or to taste', '1 teaspoon wasabi paste, or to taste']"
64,Lunch,Bowl Recipes,Korean Barbecue Rice Bowl,"['1 (15 ounce) package beef roast in au jus', ""1 (8.5 ounce) package UNCLE BEN'S(R) Jasmine READY RICE(R)"", '1 tablespoon vegetable oil, divided', '1 (8 ounce) package button mushrooms, quartered', '1 teaspoon Korean barbecue sauce', '4 cups baby spinach', '1 clove garlic, finely chopped', '2 cups shredded carrots', '1 teaspoon chopped fresh ginger root', '2 tablespoons Korean barbecue sauce, or to taste']"
65,Lunch,Bowl Recipes,Vegan Korean Kimchi Fried Rice,"['1 tablespoon vegetable oil', '1/4 cup diced red onion', '1 tablespoon minced garlic', '1 1/2 teaspoons minced ginger (optional)', '1/2 cup finely chopped kimchi', '1 tablespoon rice wine vinegar', '1 cup day-old cooked white rice', '2 tablespoons white sugar', '2 tablespoons reduced-sodium soy sauce', '2 tablespoons kimchi brine', '1/2 tablespoon sesame oil', 'salt to taste', 'ground black pepper to taste']"
66,Lunch,Bowl Recipes,Cilantro-Lime Quinoa Bowl with Blackened Tilapia,"['1 1/2 tablespoons paprika', '1/2 tablespoon onion powder', '1/2 teaspoon salt', '1/2 teaspoon ground black pepper', '1/2 teaspoon cayenne pepper', '1/2 teaspoon dried oregano', '1/4 teaspoon garlic powder', '2 tilapia fillets', '1 cup water', '1/2 cup quinoa', '1/8 teaspoon salt', '1 large lime, zested and juiced', '1/2 cup chopped fresh cilantro', 'salt to taste', '1 tablespoon vegetable oil', '2 cups chopped romaine lettuce, or to taste', '1 cup fresh spinach leaves, or to taste', '1 (15 ounce) can black beans, rinsed and drained', '1 Roma tomato, chopped', '1 avocado, chopped', '2 tablespoons roasted pepitas, or to taste', '2 wedges lime']"
67,Lunch,Bowl Recipes,Teriyaki Chicken Bowl,"['8 ounces Dietz & Watson Teriyaki Chicken', '3/4 cup Bibb lettuce', '1/2 cup cooked brown rice', '1/2 cup soybeans', '1/4 chopped scallions', '1/4 cup sliced shiitake mushrooms', '1/2 cup cucumber ribbons', '1 sliced avocado', '2 tablespoons teriyaki glaze', '1/4 teaspoon poppy seeds']"
68,Lunch,Bowl Recipes,Asian-Inspired Vegetable Noodle Bowl ,"['1 (8 ounce) package egg noodles', '3 1/2 cups vegetable stock', '2 tablespoons soy sauce', '1 tablespoon chopped fresh ginger', '1 teaspoon Asian chile sauce', '1 garlic clove, chopped', '5 1/2 ounces frozen spinach, thawed', '1 1/2 cups frozen green soybeans, thawed', '1 red bell pepper, sliced']"
69,Lunch,Bowl Recipes,Roasted Veggie Buddha Bowl,"['1 cup water', '1/2 cup bulgur', '1 sweet potato, peeled and cut into 1-inch cubes', '4 teaspoons olive oil, divided', 'salt and ground black pepper to taste', '1/2 pound fennel bulb, trimmed and cut into 1-inch cubes', '1 small red onion, cut into 1-inch pieces', '1 red bell pepper, cut into 1-inch strips', '1 (8 ounce) package tempeh, cut into 1-inch pieces', '1/2 teaspoon curry powder', '2 teaspoons coconut oil', '1/4 cup fresh squeezed orange juice', '2 tablespoons olive oil', '2 teaspoons red wine vinegar', '1/2 teaspoon curry powder', '1/4 teaspoon salt', '1/4 teaspoon ground black pepper', '2 tablespoons raw pumpkin seeds (pepitas)']"
70,Lunch,Bowl Recipes,Deconstructed California Roll Bowl ,"['2 skinless, boneless chicken breasts', '1 cup teriyaki marinade', '1 tablespoon orange juice concentrate', '2 cups water', '1 cup uncooked short-grain white rice', '1 tablespoon peanut oil', '1 onion, cut into strips', '1 zucchini, cut into strips', '1 tablespoon soy sauce, or to taste', '1 tablespoon black sesame seeds', '1 avocado, chopped', '1 teaspoon wasabi paste, or to taste']"
71,Lunch,Bowl Recipes,California/Mexican Cauliflower Rice with Avocado and Kale,"['1 head cauliflower, broken into florets', '1 (15 ounce) can black beans, drained and rinsed', '1 small bunch fresh cilantro, finely chopped', '2 green onions, chopped, or more to taste', '1 tablespoon vegetable oil', '1/2 lime, juiced', '1 pinch salt and ground black pepper to taste', '2 slices Cheddar cheese', '1 (7 ounce) can chipotle peppers in adobo sauce', '1 tablespoon vegetable oil', '1 zucchini, halved and sliced', '4 leaves Tuscan kale, stemmed and chopped', '2 eggs', '1 avocado, sliced']"
72,Lunch,Bowl Recipes,Craving-Vietnamese Salad,"['1/4 cup mirin (Japanese sweet wine)', '3 tablespoons soy sauce', '3 tablespoons fish sauce', '1 tablespoon sriracha sauce, or more to taste', '1 tablespoon brown sugar', '1 tablespoon minced garlic', '1 pound thin-cut boneless pork chops, sliced very thinly', '1 tablespoon vegetable oil', '1 (8 ounce) package rice vermicelli noodles', '1 pound cooked and peeled shrimp', '1 bunch scallions, thinly sliced', '1 head red leaf lettuce, coarsely shredded', '1 1/2 cups matchstick-cut carrots', '1 cucumber - peeled, seeded, and cut into 1-inch matchsticks', '1/2 red bell pepper, cut into 1-inch matchsticks', '1 bunch cilantro, stems discarded', '1/2 cup bottled Asian sesame dressing', '1/3 cup mirin (Japanese sweet wine)', '1/4 cup fish sauce', '1 tablespoon sriracha sauce, or more to taste', '3/4 cup salted peanuts']"
73,Lunch,Bowl Recipes,"Sorghum, Quail Egg, Avocado, Kumato®and Buffalo Mozzarella Bowl","['3 cups water', '1 cup sorghum grain', '5 quail eggs', '1/2 teaspoon Sriracha salt, or to taste', '1/4 teaspoon ground cumin', '2 tablespoons avocado oil, divided', '1/2 teaspoon vinegar', '4 ounces fresh buffalo mozzarella', '4 fresh basil leaves', '1 avocado, sliced', '1 Kumato(R) tomato, diced', '4 radishes, sliced']"
74,Lunch,Bowl Recipes,Chickpea Buddha Bowl,"['1 cup vegetable broth', '1/2 cup red quinoa', '1 3/4 cups Brussels sprouts', '1/4 cup cubed carrots', '1/4 cup peeled and cubed parsnips', '1/2 red onion, chopped', '2 teaspoons olive oil, divided', '1 (15 ounce) can chickpeas, drained and patted dry', '1 teaspoon ground turmeric', '1/4 cup tahini', '2 tablespoons lemon juice', '1 tablespoon maple syrup', '5 tablespoons hot water', '1 avocado, mashed']"
75,Lunch,Bowl Recipes,Spicy Salmon and Vegetable Bowl,"['2 tablespoons chili garlic sauce (sambal)', '3 tablespoons soy sauce', '2 tablespoons sesame oil', '1 1/2 tablespoons brown sugar', '1 tablespoon rice wine vinegar', '4 (6 ounce) salmon fillets, cut into 1-inch squares', '1 red bell pepper, seeded and cut into 1-inch squares', '1 cup snow peas', '4 carrots, peeled and thinly sliced', '4 cups cooked jasmine rice', 'Reynolds Wrap(R) Non Stick Aluminum Foil']"
76,Lunch,Bowl Recipes,Tonkatsu Shoyu Ramen (Pork Cutlet Soy Sauce Ramen),"['1 egg', '1 1/2 teaspoons spicy sesame oil', '2 (1x3-inch) boneless pork chop slices', '2 tablespoons olive oil, divided', '1 tablespoon black sesame seeds, divided', '2 leaves fresh basil, chopped, divided', '1 leaf fresh sage, chopped, divided', '1 (3 ounce) package instant ramen noodles (such as Shirakiku(R)), seasoning packet discarded', '3 tablespoons shredded dried kombu', '1 3/4 tablespoons bonito soup stock (such as Hondashi(R))', '1 3/4 tablespoons soy sauce (shoyu)', '1/2 teaspoon white miso paste with dashi', '4 1/3-inch slices fish paste stick (naruto)', '1 tablespoon tonkatsu sauce', '1 tablespoon sushi ginger (shoga), finely chopped', '1 green onion, thinly sliced', '1 pinch ground black pepper']"
77,Lunch,Bowl Recipes,Healthy Tasty Salmon Rice Bowl,"['1/2 pound salmon, cut into chunks', '1/2 cup thinly sliced kale, or to taste', '2 green onions, chopped', '1 (1/2 inch) piece fresh ginger, thinly sliced, or to taste', '1 tablespoon water, or more if needed', 'salt and ground black pepper to taste', '1 cup cooked rice, or to taste', '1 sheet seaweed, torn into small pieces', '1/2 teaspoon toasted sesame oil, or to taste (optional)']"
78,Lunch,Bowl Recipes,Ginger Noodle Bowl: The Vegan Version,"['2 tablespoons coconut oil', '2 1/2 pounds bok choy, cut into bite-sized pieces', '6 cloves garlic, grated', '1 (3 inch) piece fresh ginger, grated', '3 cups shredded carrots', '2 teaspoons Chinese five-spice powder', '1 teaspoon ground cumin', '12 cups vegetable broth', '2 (2 ounce) packages cellophane noodles', '3 cups fresh bean sprouts', '5 scallions, trimmed and thinly sliced']"
79,Lunch,Bowl Recipes,Teriyaki Beef & Bean Rice Bowls from Del Monte®,"['2 1/2 pounds lean stew beef, cut into 1 1/2-inch cubes', '1 (14.5 ounce) can Del Monte(R) Original Recipe Stewed Tomatoes, not drained', '1 (15 ounce) can kidney beans, rinsed and drained', '1 (1.3 ounce) package pot roast seasoning mix for slow cookers', '1 cup water', '1/2 cup reduced-sodium teriyaki sauce, or more as needed', '1 (14.5 ounce) can DEL MONTE(R) Cut Green Beans, drained', '2 (8.8 ounce) packages heat-and-serve white rice', 'Reduced-sodium soy sauce', 'Sliced green onions', 'Toasted sesame seeds', 'Grated orange zest']"
80,Lunch,Bowl Recipes,Chicken Cacciatore Rice Bowl,"['Salt and ground black pepper to taste', '1/2 cup all-purpose flour', '1 1/2 pounds boneless, skinless chicken thighs, cut into 1-inch pieces', 'olive oil', '1 large red bell pepper, seeded and chopped', '1 small yellow onion, chopped', '2 cloves garlic, minced', '3/4 cup dry white wine', '3/4 cup chicken broth', '1 (24 ounce) jar RAGÚ® Old World Style® Traditional Sauce', '6 cups cooked brown rice']"
81,Lunch,Bowl Recipes,Greek Chicken Quinoa Bowl,"['3 (5.3 ounce) containers Greek yogurt', '1 tablespoon dried oregano', '1/2 lemon, juiced', '1/2 teaspoon ground black pepper', '1/2 teaspoon granulated garlic', '2 pounds chicken breasts', '2 cups chicken broth', '1 cup quinoa', '2 cloves garlic, minced', '3 small cucumbers, quartered and chopped', '2 roasted red peppers, drained and sliced', '1 pint grape tomatoes, halved', '1 1/4 cups Kalamata olives, sliced', '1 (15 ounce) can chickpeas, drained and rinsed', '1/2 cup diced red onion', '1 1/4 cups olive oil', '1/4 cup red wine vinegar', '1 (4 ounce) package crumbled feta cheese', '1 lemon, juiced', '1 teaspoon ground black pepper', '2 teaspoons dried oregano', '1/2 teaspoon dried dill weed', '1/4 teaspoon granulated garlic']"
82,Lunch,Bowl Recipes,Amazing Peanut Soba Noodles,"['2 (8 ounce) packages soba noodles', '1 1/2 tablespoons canola oil', '1 onion, diced', '3 cloves garlic, minced', '2 teaspoons grated fresh ginger root', '1 cup shredded carrots', '1 red bell pepper, diced', '4 scallions, diced, divided', '3 tablespoons soy sauce', '2 tablespoons creamy peanut butter', '1 tablespoon sesame oil', '2 teaspoons sriracha hot sauce', '2 teaspoons brown sugar, or to taste', '1 cucumber, sliced', '2 teaspoons rice vinegar', '1 tablespoon toasted sesame seeds', '1 lime, cut into wedges']"
83,Lunch,Bowl Recipes,Fajita Buddha Bowl,"['1 teaspoon coconut oil', '1 cup frozen bell peppers', '1 cup frozen corn', 'salt and ground black pepper to taste', '2 cups refried beans', '2 cups cooked brown rice', '1/4 cup guacamole']"
84,Lunch,Bowl Recipes,Sizzling Steak Burrito Bowl,"['1 1/2 pounds beef tenderloin tips, cut into bite-size pieces', '1 (6 ounce) pouch carne asada marinade with jalapeno and garlic (such as Frontera(R))', '1 tablespoon adobo sauce from chipotle peppers', '1/2 teaspoon Montreal steak seasoning', '3/4 cup ranch dressing', '1 chipotle pepper in adobo sauce, finely chopped', '1 teaspoon adobo sauce from chipotle peppers', '2 cups water', '1 (14.5 ounce) can diced tomatoes with green chile peppers, warmed', '1 (6.8 ounce) package Spanish-style rice mix (such as Rice-A-Roni(R))', '2 tablespoons margarine', '1 avocado, cut into wedges', '3 Roma tomatoes, chopped', '1 onion, diced', '1 cup shredded lettuce', '3/4 cup shredded Cheddar cheese', '1 lime, cut into wedges', '1 jalapeno pepper, diced', '1/4 cup chopped fresh cilantro', '1 cup pinto beans, drained', '1 cup Southwest-style corn with poblano and red peppers, drained', '2 teaspoons vegetable oil, or as needed']"
85,Lunch,Bowl Recipes,Bibimbap with Beef,"['1/2 pound beef top sirloin steak', '2 tablespoons soy sauce', '1 tablespoon sesame oil', '2 teaspoons honey', '2 teaspoons dry sherry', '4 cups hot cooked rice', '2 teaspoons vegetable oil', '1 carrot, thinly sliced', '1 1/2 cups bean sprouts', '1/2 cup peeled and matchstick-cut daikon radish', '1/4 teaspoon salt', 'ground black pepper to taste', '1/8 teaspoon cayenne pepper, or to taste', '1 cup fresh spinach']"
86,Lunch,Bowl Recipes,Elote Bowl with Grilled Pineapple,"['1 medium fresh pineapple, peeled and cut into 1/2 inch slices', '2 ears corn, husks and silks removed', '1 tablespoon vegetable oil, or more as needed', '2 cups cooked brown rice', '2 tablespoons crema Mexicana (Mexican cream)', '2 dashes hot sauce, or to taste', '2 tablespoons crumbled cotija cheese', '1 bunch fresh cilantro', 'salt and ground black pepper to taste', '1 lime, cut in wedges']"
87,Lunch,Bowl Recipes,"Grain Bowl with Blackened Shrimp, Avocado, and Black Beans","['1 1/8 cups water', ""1/2 cup dirty rice mix (such as Zatarain's(R) Dirty Brown Rice)"", '1 pound large shrimp, peeled and deveined', '1 tablespoon chili powder', '2 teaspoons paprika', '1 1/2 teaspoons cumin', '1 teaspoon onion powder', '1 teaspoon salt', '1/4 teaspoon ground black pepper', '2 tablespoons olive oil', '1 (15 ounce) can corn, drained', '1 red bell pepper, diced', '1/4 cup chopped fresh cilantro', '1 lime, juiced', '1 tablespoon olive oil', '1 avocado', '1/4 cup chopped fresh cilantro', '1/4 cup plain Greek yogurt (such as Chobani(R))', '1 clove garlic', '3 tablespoons olive oil', '1/2 teaspoon salt', '1/4 teaspoon ground black pepper', '1 (15 ounce) can black beans, drained', '1 avocado, sliced', '1 lime, cut into wedges']"
88,Lunch,Bowl Recipes,Prawns and Vegetables Over Pan-Fried Udon Noodles,"['1/2 cup soy sauce', '1/2 cup water', '1/3 cup brown sugar', '1/2 tablespoon ground ginger', '1 1/2 cups water, divided', '4 stalks celery, halved lengthwise and cut into 2-inch sticks', '1/2 red bell pepper, sliced into thin strips', '1/2 yellow bell pepper, sliced into thin strips', '10 prawns, peeled, or more to taste', '1 1/2 tablespoons lemon juice', '2 (7 ounce) packages fresh udon noodles']"
89,Lunch,Bowl Recipes,Chicken Fajita Bowl,"['cooking spray', '1 pound skinless, boneless chicken breast halves, diced', '1 pinch salt and ground black pepper to taste', '1/3 large sweet onion, sliced', '1/3 green bell pepper, sliced', '1/3 red bell pepper, sliced', '1/3 yellow bell pepper, sliced', '1 (10 ounce) can diced tomatoes and green chiles (such as RO*TEL(R))', '1 (10 ounce) package frozen cauliflower rice', '1 cup shredded mild Cheddar cheese', '1/2 avocado, diced', '2 tablespoons salsa', '2 tablespoons sour cream']"
90,Lunch,Bowl Recipes,Boost Bowl With Lemon Tahini Sauce,"['25 Brussels sprouts, halved', '3/4 pound red-skinned new potatoes, halved', '3/4 pound small purple potatoes, halved', '2 sweet potatoes, peeled and cut into 1-inch cubes', '1/2 head cauliflower, cut into small chunks', '1/2 lemon, juiced', '2 tablespoons extra-virgin olive oil, or more to taste', '1 tablespoon balsamic vinegar', '1 tablespoon Dijon mustard (optional)', '1 clove garlic, minced', 'salt and ground black pepper to taste', '1/4 cup tahini', '1/4 cup nutritional yeast', '3 tablespoons lemon juice', '1 tablespoon water, or more as needed']"
91,Lunch,Bowl Recipes,Buddha Bowl Power Menu,"['1 cup raw cashews', '6 dates, pitted', '1 tablespoon flaxseed meal', '1/8 teaspoon ground cinnamon', '1 pinch salt', '1 tablespoon coconut oil', '1 cup water', '1/2 cup brown rice', '1 pinch salt', '1/2 cup fresh fava beans, shelled', '1/4 red bell pepper, diced', '1/4 cup frozen peas', '1/4 cup diced Swiss cheese', '1/4 cup canned artichoke hearts, drained and chopped', '2 teaspoons Dijon mustard', '2 tablespoons olive oil', '1 teaspoon white wine vinegar', '1 hard-boiled egg', '1/2 cup plain yogurt', '1/4 avocado, diced', '2 tablespoons pomegranate seeds', '1 teaspoon chia seeds', '1/4 cup frozen blueberries', '2 tablespoons pomegranate seeds', '3 jasmine flower buds', '2 cups water']"
92,Lunch,Bowl Recipes,Ramen Bowl,"['8 cups water', '8 cloves garlic, peeled and whole', '8 slices fresh ginger root', '1/2 medium onion, halved and separated', '4 eggs', '1 pinch salt and freshly ground black pepper to taste (optional)', '1/2 cup soy sauce', '1/4 cup sake', '2 tablespoons Thai-style chile sauce', '2 teaspoons sesame oil', '2 tablespoons white sugar', '1 1/2 teaspoons salt', '15 ounces dried Japanese-style noodles', '12 large shrimp, shelled and deveined, at room temperature', '4 large dry sea scallops, halved, at room temperature', '1 1/2 cups fresh bean sprouts', '1/2 cup sliced scallions']"
93,Lunch,Bowl Recipes,Bibimbap ,"['3 tablespoons soy sauce', '3 tablespoons white sugar', '5 tablespoons sesame oil, divided, or to taste', '1 tablespoon garlic, minced', '1 teaspoon minced fresh ginger root', '1/2 pound beef brisket, thinly sliced, or to taste', '1 cup uncooked white rice', '1 1/2 cups water', '1 cup dried shiitake mushrooms', '1 small eggplant, cut into 1/4-inch slices', 'salt to taste', '1 small yellow squash, cut into 1/4-inch slices', '2 carrots, chopped', '1 cup broccoli florets', '1 cup bean sprouts', '2 eggs', '1 1/2 tablespoons rice vinegar', '4 leaves red leaf lettuce, cut widthwise into strips', '1 daikon radish, peeled and cut into matchsticks', '2 green onions, chopped (optional)']"
94,Lunch,Bowl Recipes,Do-It-Yourself Salmon Poke Bowls,"['4 cups cooked rice', '4 tablespoons soy sauce', '4 teaspoons rice vinegar', '4 teaspoons sesame oil', '1/4 teaspoon chile oil (optional)', '3/4 pound sashimi-grade salmon, cut into small cubes', '1 avocado, sliced, or to taste', '1 red bell pepper, sliced, or more to taste', '1/4 cup shelled edamame, or more to taste', '4 sheets dried seaweed, cut into strips, or to taste', '1 tablespoon pickled ginger, or to taste', '1 tablespoon furikake (Japanese nori seasoning), or to taste', '2 tablespoons chopped green onion, or to taste', '1 tablespoon sesame seeds, or to taste']"
95,Lunch,Bowl Recipes,Lemongrass Shrimp and Rice,"['1 (14 ounce) can coconut milk', '2 limes, zested and juiced', '3 4- to 6-inch lemon grass stalks, ends removed and coarsely chopped', '3 cloves garlic, coarsely chopped', '1 large shallot, coarsely chopped', '1 1/2 pounds uncooked medium shrimp, peeled and deveined', '2 cups uncooked brown rice', '1 1/2 cups water', '1 tablespoon olive oil', '1 (10 ounce) package shelled, cooked edamame', '1 (6 ounce) package snow peas']"
96,Lunch,Bowl Recipes,Make-Ahead Sausage and Veggie Bowls,"['nonstick cooking spray', '3 tablespoons olive oil, divided', '1 1/4 cups uncooked brown rice', '2 1/2 cups water', '1/2 teaspoon salt', '5 Italian turkey sausage links', '1 large red onion, cut into 1-inch pieces', '1 pound Brussels sprouts, trimmed and halved', '1 teaspoon garlic powder', '1/2 teaspoon salt', '1/2 teaspoon ground black pepper', '1 orange bell pepper, cut into 1-inch pieces', '5 (3-cup) storage containers', '1/4 cup grated Parmesan cheese, or to taste']"
97,Lunch,Bowl Recipes,Korean Bulgogi Bowl,"['1 pound lean ground beef', '1 tablespoon sesame oil', '1/4 cup brown sugar', '1/4 cup soy sauce', '1/4 cup water', '1/2 Asian pear, grated', '5 cloves garlic, minced, or more to taste', '1 inch piece ginger, peeled and diced', '1 teaspoon red pepper flakes', '1/2 teaspoon ground black pepper', '1 cup cooked brown rice, or more to taste', '1 head romaine lettuce, chopped, or to taste', '1 cucumber, diced', '1 red bell pepper, diced, or to taste (optional)', '1 tablespoon sesame seeds, or to taste (optional)']"
98,Lunch,Bowl Recipes,Cuban Bowl,"['2 sweet potatoes, cut into 1/2-inch cubes', '2 tablespoons coconut oil (such as British Class(R)), melted', '1 tablespoon salt, divided', '1 tablespoon ground cumin (such as British Class(R)), divided', '1 medium tomato, diced', '1 medium red onion, diced', '2 tablespoons chopped fresh cilantro', '1 tablespoon olive oil', '1 tablespoon lime juice', '2 cups cooked black beans', '2 cups cooked brown rice', '2 avocados, halved and sliced', '2 cups plantain chips (such as Cool Runnings(R))']"
99,Lunch,Bowl Recipes,Vegetarian Banh Mi Bowls,"['3 quarts water', '1/2 (14 ounce) package boil-in-bag brown rice', '1 quart water', '1/4 (12 ounce) package boil-in-bag quinoa', '1 cucumber, thinly sliced', '2 carrots, thinly sliced, or more to taste', '6 radishes, thinly sliced, or more to taste', '1/2 cup rice vinegar', '1/4 cup water', '1/4 cup white sugar', '1 tablespoon sesame oil', '1 teaspoon salt', '1/2 cup egg-free mayonnaise', '2 tablespoons sriracha sauce', '1/2 cup chopped peanuts', '1/2 cup chopped cilantro']"
100,Lunch,Bowl Recipes,California Winter Poke,"['1 tablespoon sesame oil', '1 1/2 pounds fresh ahi (yellowfin) tuna loin', '1 tablespoon sesame seeds', '2 avocados, cut into 1/2-inch cubes', '1/3 cup pomegranate seeds', '3 scallions, finely chopped', '1/4 cup ponzu sauce (citrus soy-based sauce)', '1 small bunch cilantro, finely chopped', '1 Thai chile pepper, finely chopped', '1 1/2 cups cooked brown rice']"
101,Lunch,Bowl Recipes,Egg and Edamame Brown Rice Bowl,"['2 cups cooked RiceSelect(R) Texmati(R) Brown Rice (freshly cooked and hot)', '4 scallions, thinly sliced', '1/2 cup edamame', '1 teaspoon red wine vinegar', 'Kosher salt and freshly ground black pepper', '3 tablespoons olive oil', '4 large eggs', '1 avocado, chopped', 'Sriracha hot sauce', 'Thai basil']"
102,Lunch,Bowl Recipes,Japanese Gyudon (Beef Bowl),"['4 cups Japanese sushi-style rice', '1 1/3 cups dashi soup', '5 tablespoons soy sauce', '3 tablespoons mirin', '2 tablespoons white sugar', '1 teaspoon sake', '1 onion, thinly sliced', '1 pound thinly sliced beef sirloin, cut into 2-inch pieces']"
103,Lunch,Bowl Recipes,Mexican Taco Quinoa Bowl with Chicken,"['1 cup quinoa', '2 cups water', '1 (15 ounce) can black beans, drained', '1 (15 ounce) can tomato sauce', '1 onion, chopped', '1 tablespoon chili powder', '1 1/2 teaspoons ground cumin', '1 teaspoon sea salt', '1 teaspoon ground black pepper', '1/2 teaspoon paprika', '1/4 teaspoon garlic powder', '1/4 teaspoon onion powder', '1/4 teaspoon red pepper flakes', '1/4 teaspoon dried oregano', '1 tablespoon olive oil', '1 1/2 pounds chicken breasts, cubed']"
104,Lunch,Bowl Recipes,Asian Fusion Quinoa,"['1 1/2 tablespoons coconut oil', '1/2 onion, chopped', '2 green onions, chopped', '3 cloves garlic, chopped', '1 cup cooked quinoa', '2 tablespoons chopped fresh cilantro', '2 tablespoons orange marmalade', '1 tablespoon soy sauce, or to taste', '1 pinch garlic salt', '1 egg, beaten']"
105,Lunch,Bowl Recipes,Beef Short Ribs Rice Bowl (Gyu Kalbi Don),"['1/3 bitter melon', 'water to cover', '1/4 cup dashi kombu (dried kelp)', '2 tablespoons soy sauce', '1 tablespoon sake', '1 tablespoon mirin (Japanese sweet wine)', '1 tablespoon white sugar', '7 ounces beef short ribs', '1/4 onion, chopped', '2 ounces shredded konnyaku', '1 teaspoon grated fresh ginger', '1 garlic scape, cut into 5 pieces', '2 teaspoons water', '1 teaspoon cornstarch', '2 cups steamed white rice', '1 teaspoon minced myoga (Japanese ginger), or to taste']"
